order_id,order_line_id,customer_id,order_date,created_at,product_id,product_name,category,quantity,unit_price,line_subtotal,discount_pct,line_discount,line_total,cogs_per_unit,line_cogs,line_gross_profit,ad_spend_allocated,campaign,channel,source,device,session_id,is_first_time_customer,cohort,days_since_first,customer_lifetime_value,payment_method
ORD000001,1,C0014,2025-12-17,2025-12-17,P009,Mango Protein Smoothie,Drinks,2,18.00,36.00,5,1.80,34.20,9.00,18.00,16.20,23.00,first_time_customer,Amazon,paid_social,mobile,S00001,TRUE,2025-01,0,364.00,COD
ORD000002,1,C0007,2026-04-24,2026-04-24,P003,Himalayan Salt Chips,Chips,3,12.00,36.00,0,0.00,36.00,8.00,24.00,12.00,7.00,first_time_customer,Shopify,paid_search,tablet,S00002,TRUE,2025-01,0,72.00,COD
ORD000002,2,C0007,2026-04-24,2026-04-24,P005,Almond Crunch Bars,Bars,2,24.00,48.00,0,0.00,48.00,11.00,22.00,26.00,7.00,first_time_customer,Shopify,paid_search,tablet,S00002,TRUE,2025-01,0,72.00,COD
ORD000003,1,C0022,2025-03-11,2025-03-11,P008,Collagen Peptides - Berry,Powder,2,58.00,116.00,8,9.28,106.72,23.00,46.00,60.72,8.00,easter_special,Amazon,paid_social,mobile,S00003,TRUE,2025-03,0,444.00,COD
ORD000003,2,C0022,2025-03-11,2025-03-11,P002,Dark Choc Protein Butter,Butter,1,28.00,28.00,8,2.24,25.76,21.00,21.00,4.76,8.00,easter_special,Amazon,paid_social,mobile,S00003,TRUE,2025-03,0,444.00,COD
ORD000004,1,C0009,2025-08-18,2025-08-18,P003,Himalayan Salt Chips,Chips,1,12.00,12.00,0,0.00,12.00,8.00,8.00,4.00,1.00,organic,Shopify,paid_search,mobile,S00004,TRUE,2025-01,0,131.00,Online
ORD000004,2,C0009,2025-08-18,2025-08-18,P009,Mango Protein Smoothie,Drinks,1,18.00,18.00,0,0.00,18.00,9.00,9.00,9.00,1.00,organic,Shopify,paid_search,mobile,S00004,TRUE,2025-01,0,131.00,Online
ORD000005,1,C0021,2025-11-06,2025-11-06,P003,Himalayan Salt Chips,Chips,2,12.00,24.00,5,1.20,22.80,8.00,16.00,6.80,11.67,first_time_customer,Shopify,paid_social,desktop,S00005,TRUE,2025-03,0,147.00,Online
ORD000005,2,C0021,2025-11-06,2025-11-06,P008,Collagen Peptides - Berry,Powder,1,58.00,58.00,5,2.90,55.10,23.00,23.00,32.10,11.67,first_time_customer,Shopify,paid_social,desktop,S00005,TRUE,2025-03,0,147.00,Online
ORD000005,3,C0021,2025-11-06,2025-11-06,P005,Almond Crunch Bars,Bars,4,24.00,96.00,5,4.80,91.20,11.00,44.00,47.20,11.67,first_time_customer,Shopify,paid_social,desktop,S00005,TRUE,2025-03,0,147.00,Online
ORD000006,1,C0018,2026-04-07,2026-04-07,P002,Dark Choc Protein Butter,Butter,2,28.00,56.00,10,5.60,50.40,21.00,42.00,8.40,0.00,easter_special,Amazon,organic,mobile,S00006,TRUE,2025-01,0,59.00,Online
ORD000006,2,C0018,2026-04-07,2026-04-07,P008,Collagen Peptides - Berry,Powder,1,58.00,58.00,10,5.80,52.20,23.00,23.00,29.20,0.00,easter_special,Amazon,organic,mobile,S00006,TRUE,2025-01,0,59.00,Online
ORD000007,1,C0013,2025-04-21,2025-04-21,P004,Daily Plant Protein,Powder,2,52.00,104.00,10,10.40,93.60,20.00,40.00,53.60,32.00,first_time_customer,Amazon,paid_social,tablet,S00007,TRUE,2025-01,0,398.00,COD
ORD000008,1,C0006,2026-04-17,2026-04-17,P009,Mango Protein Smoothie,Drinks,2,18.00,36.00,5,1.80,34.20,9.00,18.00,16.20,0.00,organic,Shopify,organic,desktop,S00008,TRUE,2025-02,0,322.00,Online
ORD000008,2,C0006,2026-04-17,2026-04-17,P003,Himalayan Salt Chips,Chips,3,12.00,36.00,5,1.80,34.20,8.00,24.00,10.20,0.00,organic,Shopify,organic,desktop,S00008,TRUE,2025-02,0,322.00,Online
ORD000009,1,C0028,2025-03-19,2025-03-19,P004,Daily Plant Protein,Powder,4,52.00,208.00,12,24.96,183.04,20.00,80.00,103.04,11.33,easter_special,Amazon,paid_social,tablet,S00009,TRUE,2025-03,0,375.00,COD
ORD000009,2,C0028,2025-03-19,2025-03-19,P005,Almond Crunch Bars,Bars,4,24.00,96.00,12,11.52,84.48,11.00,44.00,40.48,11.33,easter_special,Amazon,paid_social,tablet,S00009,TRUE,2025-03,0,375.00,COD
ORD000009,3,C0028,2025-03-19,2025-03-19,P001,Whey Isolate - Choc,Powder,4,45.00,180.00,12,21.60,158.40,18.00,72.00,86.40,11.33,easter_special,Amazon,paid_social,tablet,S00009,TRUE,2025-03,0,375.00,COD
ORD000010,1,C0027,2026-03-01,2026-03-01,P010,Mega Combo Box,Kits,2,89.00,178.00,10,17.80,160.20,35.00,70.00,90.20,0.00,first_time_customer,Amazon,organic,mobile,S00010,TRUE,2025-02,0,178.00,Online
ORD000011,1,C0011,2026-03-13,2026-03-13,P005,Almond Crunch Bars,Bars,2,24.00,48.00,8,3.84,44.16,11.00,22.00,22.16,0.00,easter_special,Amazon,organic,mobile,S00011,TRUE,2025-02,0,183.00,Online
ORD000012,1,C0017,2025-08-02,2025-08-02,P005,Almond Crunch Bars,Bars,2,24.00,48.00,0,0.00,48.00,11.00,22.00,26.00,3.00,organic,Amazon,paid_social,mobile,S00012,TRUE,2025-02,0,377.00,Online
ORD000012,2,C0017,2025-08-02,2025-08-02,P004,Daily Plant Protein,Powder,4,52.00,208.00,0,0.00,208.00,20.00,80.00,128.00,3.00,organic,Amazon,paid_social,mobile,S00012,TRUE,2025-02,0,377.00,Online
ORD000012,3,C0017,2025-08-02,2025-08-02,P002,Dark Choc Protein Butter,Butter,2,28.00,56.00,0,0.00,56.00,21.00,42.00,14.00,3.00,organic,Amazon,paid_social,mobile,S00012,TRUE,2025-02,0,377.00,Online
ORD000012,4,C0017,2025-08-02,2025-08-02,P001,Whey Isolate - Choc,Powder,4,45.00,180.00,0,0.00,180.00,18.00,72.00,108.00,3.00,organic,Amazon,paid_social,mobile,S00012,TRUE,2025-02,0,377.00,Online
ORD000013,1,C0008,2026-04-11,2026-04-11,P003,Himalayan Salt Chips,Chips,2,12.00,24.00,0,0.00,24.00,8.00,16.00,8.00,0.00,organic,Amazon,organic,tablet,S00013,TRUE,2025-01,0,417.00,Online
ORD000013,2,C0008,2026-04-11,2026-04-11,P009,Mango Protein Smoothie,Drinks,3,18.00,54.00,0,0.00,54.00,9.00,27.00,27.00,0.00,organic,Amazon,organic,tablet,S00013,TRUE,2025-01,0,417.00,Online
ORD000014,1,C0030,2026-03-12,2026-03-12,P009,Mango Protein Smoothie,Drinks,3,18.00,54.00,12,6.48,47.52,9.00,27.00,20.52,15.00,easter_special,Amazon,paid_search,mobile,S00014,TRUE,2025-02,0,360.00,Online
ORD000015,1,C0010,2025-11-18,2025-11-18,P009,Mango Protein Smoothie,Drinks,2,18.00,36.00,10,3.60,32.40,9.00,18.00,14.40,16.50,first_time_customer,Shopify,paid_social,tablet,S00015,TRUE,2025-02,0,135.00,Online
ORD000015,2,C0010,2025-11-18,2025-11-18,P005,Almond Crunch Bars,Bars,3,24.00,72.00,10,7.20,64.80,11.00,33.00,31.80,16.50,first_time_customer,Shopify,paid_social,tablet,S00015,TRUE,2025-02,0,135.00,Online
ORD000016,1,C0016,2026-03-22,2026-03-22,P005,Almond Crunch Bars,Bars,2,24.00,48.00,10,4.80,43.20,11.00,22.00,21.20,0.00,easter_special,Amazon,organic,mobile,S00016,TRUE,2025-02,0,138.00,Online
ORD000017,1,C0004,2025-11-19,2025-11-19,P009,Mango Protein Smoothie,Drinks,2,18.00,36.00,15,5.40,30.60,9.00,18.00,12.60,8.33,black_friday,Amazon,paid_search,mobile,S00017,TRUE,2025-01,0,154.00,Online
ORD000017,2,C0004,2025-11-19,2025-11-19,P002,Dark Choc Protein Butter,Butter,2,28.00,56.00,15,8.40,47.60,21.00,42.00,5.60,8.33,black_friday,Amazon,paid_search,mobile,S00017,TRUE,2025-01,0,154.00,Online
ORD000017,3,C0004,2025-11-19,2025-11-19,P001,Whey Isolate - Choc,Powder,2,45.00,90.00,15,13.50,76.50,18.00,36.00,40.50,8.33,black_friday,Amazon,paid_search,mobile,S00017,TRUE,2025-01,0,154.00,Online
ORD000018,1,C0003,2025-12-06,2025-12-06,P001,Whey Isolate - Choc,Powder,1,45.00,45.00,10,4.50,40.50,18.00,18.00,22.50,23.00,first_time_customer,Amazon,paid_search,mobile,S00018,TRUE,2025-01,0,379.00,COD
ORD000018,2,C0003,2025-12-06,2025-12-06,P004,Daily Plant Protein,Powder,3,52.00,156.00,10,15.60,140.40,20.00,60.00,80.40,23.00,first_time_customer,Amazon,paid_search,mobile,S00018,TRUE,2025-01,0,379.00,COD
ORD000019,1,C0024,2025-07-25,2025-07-25,P005,Almond Crunch Bars,Bars,1,24.00,24.00,0,0.00,24.00,11.00,11.00,13.00,0.00,organic,Amazon,organic,tablet,S00019,TRUE,2025-02,0,146.00,Online
ORD000019,2,C0024,2025-07-25,2025-07-25,P004,Daily Plant Protein,Powder,2,52.00,104.00,0,0.00,104.00,20.00,40.00,64.00,0.00,organic,Amazon,organic,tablet,S00019,TRUE,2025-02,0,146.00,Online
ORD000020,1,C0013,2025-02-19,2025-02-19,P003,Himalayan Salt Chips,Chips,3,12.00,36.00,0,0.00,36.00,8.00,24.00,12.00,0.00,organic,Shopify,paid_social,tablet,S00020,FALSE,2025-01,50,398.00,COD
ORD000020,2,C0013,2025-02-19,2025-02-19,P001,Whey Isolate - Choc,Powder,1,45.00,45.00,0,0.00,45.00,18.00,18.00,27.00,0.00,organic,Shopify,paid_social,tablet,S00020,FALSE,2025-01,50,398.00,COD
ORD000020,3,C0013,2025-02-19,2025-02-19,P004,Daily Plant Protein,Powder,2,52.00,104.00,0,0.00,104.00,20.00,40.00,64.00,0.00,organic,Shopify,paid_social,tablet,S00020,FALSE,2025-01,50,398.00,COD
ORD000021,1,C0038,2025-11-24,2025-11-24,P002,Dark Choc Protein Butter,Butter,2,28.00,56.00,20,11.20,44.80,21.00,42.00,2.80,9.00,black_friday,Amazon,paid_search,desktop,S00021,TRUE,2025-02,0,222.00,Online
ORD000021,2,C0038,2025-11-24,2025-11-24,P008,Collagen Peptides - Berry,Powder,3,58.00,174.00,20,34.80,139.20,23.00,69.00,70.20,9.00,black_friday,Amazon,paid_search,desktop,S00021,TRUE,2025-02,0,222.00,Online
ORD000021,3,C0038,2025-11-24,2025-11-24,P001,Whey Isolate - Choc,Powder,2,45.00,90.00,20,18.00,72.00,18.00,36.00,36.00,9.00,black_friday,Amazon,paid_search,desktop,S00021,TRUE,2025-02,0,222.00,Online
ORD000021,4,C0038,2025-11-24,2025-11-24,P004,Daily Plant Protein,Powder,4,52.00,208.00,20,41.60,166.40,20.00,80.00,86.40,9.00,black_friday,Amazon,paid_search,desktop,S00021,TRUE,2025-02,0,222.00,Online
ORD000022,1,C0020,2025-10-31,2025-10-31,P001,Whey Isolate - Choc,Powder,1,45.00,45.00,0,0.00,45.00,18.00,18.00,27.00,0.00,organic,Amazon,organic,desktop,S00022,TRUE,2025-03,0,222.00,Online
ORD000022,2,C0020,2025-10-31,2025-10-31,P004,Daily Plant Protein,Powder,2,52.00,104.00,0,0.00,104.00,20.00,40.00,64.00,0.00,organic,Amazon,organic,desktop,S00022,TRUE,2025-03,0,222.00,Online
ORD000023,1,C0035,2025-10-09,2025-10-09,P001,Whey Isolate - Choc,Powder,3,45.00,135.00,12,16.20,118.80,18.00,54.00,64.80,13.50,big_billion_days,Shopify,paid_social,mobile,S00023,TRUE,2025-03,0,245.00,COD
ORD000023,2,C0035,2025-10-09,2025-10-09,P008,Collagen Peptides - Berry,Powder,3,58.00,174.00,12,20.88,153.12,23.00,69.00,84.12,13.50,big_billion_days,Shopify,paid_social,mobile,S00023,TRUE,2025-03,0,245.00,COD
ORD000024,1,C0039,2025-09-12,2025-09-12,P003,Himalayan Salt Chips,Chips,1,12.00,12.00,0,0.00,12.00,8.00,8.00,4.00,25.00,first_time_customer,Amazon,paid_social,mobile,S00024,TRUE,2025-03,0,260.00,Online
ORD000025,1,C0025,2026-03-29,2026-03-29,P001,Whey Isolate - Choc,Powder,2,45.00,90.00,12,10.80,79.20,18.00,36.00,43.20,17.00,easter_special,Shopify,paid_social,tablet,S00025,TRUE,2025-03,0,346.00,Online
ORD000026,1,C0033,2025-07-22,2025-07-22,P004,Daily Plant Protein,Powder,2,52.00,104.00,0,0.00,104.00,20.00,40.00,64.00,18.50,first_time_customer,Amazon,paid_search,mobile,S00026,TRUE,2025-03,0,104.00,Online
ORD000026,2,C0033,2025-07-22,2025-07-22,P006,Trial Discovery Kit,Kits,3,65.00,195.00,0,0.00,195.00,22.00,66.00,129.00,18.50,first_time_customer,Amazon,paid_search,mobile,S00026,TRUE,2025-03,0,104.00,Online
ORD000027,1,C0045,2026-03-26,2026-03-26,P005,Almond Crunch Bars,Bars,3,24.00,72.00,10,7.20,64.80,11.00,33.00,31.80,4.00,easter_special,Amazon,paid_social,tablet,S00027,TRUE,2025-02,0,622.00,COD
ORD000027,2,C0045,2026-03-26,2026-03-26,P002,Dark Choc Protein Butter,Butter,1,28.00,28.00,10,2.80,25.20,21.00,21.00,4.20,4.00,easter_special,Amazon,paid_social,tablet,S00027,TRUE,2025-02,0,622.00,COD
ORD000028,1,C0012,2026-02-18,2026-02-18,P003,Himalayan Salt Chips,Chips,5,12.00,60.00,5,3.00,57.00,8.00,40.00,17.00,0.00,first_time_customer,Shopify,organic,desktop,S00028,TRUE,2025-02,0,321.00,Online
ORD000029,1,C0043,2025-11-30,2025-11-30,P001,Whey Isolate - Choc,Powder,3,45.00,135.00,15,20.25,114.75,18.00,54.00,60.75,8.33,black_friday,Shopify,paid_search,tablet,S00029,TRUE,2025-02,0,384.00,Online
ORD000029,2,C0043,2025-11-30,2025-11-30,P004,Daily Plant Protein,Powder,1,52.00,52.00,15,7.80,44.20,20.00,20.00,24.20,8.33,black_friday,Shopify,paid_search,tablet,S00029,TRUE,2025-02,0,384.00,Online
ORD000029,3,C0043,2025-11-30,2025-11-30,P009,Mango Protein Smoothie,Drinks,1,18.00,18.00,15,2.70,15.30,9.00,9.00,6.30,8.33,black_friday,Shopify,paid_search,tablet,S00029,TRUE,2025-02,0,384.00,Online
ORD000030,1,C0046,2025-07-16,2025-07-16,P002,Dark Choc Protein Butter,Butter,1,28.00,28.00,15,4.20,23.80,21.00,21.00,2.80,14.00,prime_day,Amazon,paid_social,desktop,S00030,TRUE,2025-03,0,607.00,COD
ORD000030,2,C0046,2025-07-16,2025-07-16,P003,Himalayan Salt Chips,Chips,2,12.00,24.00,15,3.60,20.40,8.00,16.00,4.40,14.00,prime_day,Amazon,paid_social,desktop,S00030,TRUE,2025-03,0,607.00,COD
ORD000031,1,C0044,2025-11-30,2025-11-30,P005,Almond Crunch Bars,Bars,2,24.00,48.00,20,9.60,38.40,11.00,22.00,16.40,54.00,black_friday,Shopify,paid_social,desktop,S00031,TRUE,2025-02,0,653.00,COD
ORD000032,1,C0019,2026-02-05,2026-02-05,P009,Mango Protein Smoothie,Drinks,1,18.00,18.00,10,1.80,16.20,9.00,9.00,7.20,18.00,first_time_customer,Amazon,paid_search,mobile,S00032,TRUE,2025-01,0,124.00,Online
ORD000033,1,C0038,2025-02-02,2025-02-02,P009,Mango Protein Smoothie,Drinks,4,18.00,72.00,0,0.00,72.00,9.00,36.00,36.00,0.00,organic,Amazon,organic,desktop,S00033,FALSE,2025-02,1,222.00,Online
ORD000033,2,C0038,2025-02-02,2025-02-02,P007,Smooth Peanut Butter,Butter,4,35.00,140.00,0,0.00,140.00,21.00,84.00,56.00,0.00,organic,Amazon,organic,desktop,S00033,FALSE,2025-02,1,222.00,Online
ORD000034,1,C0034,2025-07-11,2025-07-11,P001,Whey Isolate - Choc,Powder,2,45.00,90.00,15,13.50,76.50,18.00,36.00,40.50,45.00,prime_day,Amazon,paid_social,mobile,S00034,TRUE,2025-04,0,527.00,COD
ORD000035,1,C0032,2026-02-21,2026-02-21,P008,Collagen Peptides - Berry,Powder,5,58.00,290.00,5,14.50,275.50,23.00,115.00,160.50,12.00,first_time_customer,Shopify,paid_search,mobile,S00035,TRUE,2025-03,0,160.00,COD
ORD000036,1,C0052,2025-12-16,2025-12-16,P005,Almond Crunch Bars,Bars,3,24.00,72.00,0,0.00,72.00,11.00,33.00,39.00,32.00,first_time_customer,Shopify,paid_social,desktop,S00036,TRUE,2025-04,0,278.00,Online
ORD000037,1,C0029,2025-09-01,2025-09-01,P002,Dark Choc Protein Butter,Butter,1,28.00,28.00,10,2.80,25.20,21.00,21.00,4.20,28.00,first_time_customer,Shopify,paid_social,mobile,S00037,TRUE,2025-01,0,167.00,Online
ORD000038,1,C0031,2025-11-20,2025-11-20,P010,Mega Combo Box,Kits,2,89.00,178.00,15,26.70,151.30,35.00,70.00,81.30,12.00,black_friday,Shopify,paid_social,tablet,S00038,TRUE,2025-01,0,191.00,COD
ORD000038,2,C0031,2025-11-20,2025-11-20,P005,Almond Crunch Bars,Bars,1,24.00,24.00,15,3.60,20.40,11.00,11.00,9.40,12.00,black_friday,Shopify,paid_social,tablet,S00038,TRUE,2025-01,0,191.00,COD
ORD000038,3,C0031,2025-11-20,2025-11-20,P001,Whey Isolate - Choc,Powder,1,45.00,45.00,15,6.75,38.25,18.00,18.00,20.25,12.00,black_friday,Shopify,paid_social,tablet,S00038,TRUE,2025-01,0,191.00,COD
ORD000039,1,C0008,2025-03-09,2025-03-09,P005,Almond Crunch Bars,Bars,2,24.00,48.00,10,4.80,43.20,11.00,22.00,21.20,0.00,easter_special,Amazon,organic,tablet,S00039,FALSE,2025-01,41,417.00,Online
ORD000040,1,C0051,2025-05-29,2025-05-29,P001,Whey Isolate - Choc,Powder,2,45.00,90.00,0,0.00,90.00,18.00,36.00,54.00,0.00,organic,Shopify,organic,mobile,S00040,TRUE,2025-05,0,210.00,Online
ORD000040,2,C0051,2025-05-29,2025-05-29,P004,Daily Plant Protein,Powder,2,52.00,104.00,0,0.00,104.00,20.00,40.00,64.00,0.00,organic,Shopify,organic,mobile,S00040,TRUE,2025-05,0,210.00,Online
ORD000040,3,C0051,2025-05-29,2025-05-29,P005,Almond Crunch Bars,Bars,2,24.00,48.00,0,0.00,48.00,11.00,22.00,26.00,0.00,organic,Shopify,organic,mobile,S00040,TRUE,2025-05,0,210.00,Online
ORD000041,1,C0037,2026-03-07,2026-03-07,P005,Almond Crunch Bars,Bars,1,24.00,24.00,10,2.40,21.60,11.00,11.00,10.60,10.00,first_time_customer,Amazon,paid_social,mobile,S00041,TRUE,2025-02,0,263.00,Online
ORD000041,2,C0037,2026-03-07,2026-03-07,P003,Himalayan Salt Chips,Chips,2,12.00,24.00,10,2.40,21.60,8.00,16.00,5.60,10.00,first_time_customer,Amazon,paid_social,mobile,S00041,TRUE,2025-02,0,263.00,Online
ORD000042,1,C0054,2025-08-30,2025-08-30,P003,Himalayan Salt Chips,Chips,1,12.00,12.00,0,0.00,12.00,8.00,8.00,4.00,0.75,organic,Amazon,paid_search,desktop,S00042,TRUE,2025-03,0,238.00,COD
ORD000042,2,C0054,2025-08-30,2025-08-30,P005,Almond Crunch Bars,Bars,2,24.00,48.00,0,0.00,48.00,11.00,22.00,26.00,0.75,organic,Amazon,paid_search,desktop,S00042,TRUE,2025-03,0,238.00,COD
ORD000042,3,C0054,2025-08-30,2025-08-30,P001,Whey Isolate - Choc,Powder,4,45.00,180.00,0,0.00,180.00,18.00,72.00,108.00,0.75,organic,Amazon,paid_search,desktop,S00042,TRUE,2025-03,0,238.00,COD
ORD000042,4,C0054,2025-08-30,2025-08-30,P002,Dark Choc Protein Butter,Butter,1,28.00,28.00,0,0.00,28.00,21.00,21.00,7.00,0.75,organic,Amazon,paid_search,desktop,S00042,TRUE,2025-03,0,238.00,COD
ORD000043,1,C0055,2026-03-23,2026-03-23,P005,Almond Crunch Bars,Bars,4,24.00,96.00,12,11.52,84.48,11.00,44.00,40.48,0.00,easter_special,Amazon,organic,mobile,S00043,TRUE,2025-05,0,277.00,Online
ORD000044,1,C0015,2025-12-03,2025-12-03,P009,Mango Protein Smoothie,Drinks,2,18.00,36.00,15,5.40,30.60,9.00,18.00,12.60,17.00,black_friday,Amazon,paid_social,mobile,S00044,TRUE,2025-02,0,334.00,Online
ORD000044,2,C0015,2025-12-03,2025-12-03,P002,Dark Choc Protein Butter,Butter,4,28.00,112.00,15,16.80,95.20,21.00,84.00,11.20,17.00,black_friday,Amazon,paid_social,mobile,S00044,TRUE,2025-02,0,334.00,Online
ORD000045,1,C0017,2025-03-30,2025-03-30,P006,Trial Discovery Kit,Kits,1,65.00,65.00,8,5.20,59.80,22.00,22.00,37.80,27.00,easter_special,Amazon,paid_search,desktop,S00045,FALSE,2025-02,43,377.00,Online
ORD000046,1,C0003,2025-02-08,2025-02-08,P008,Collagen Peptides - Berry,Powder,2,58.00,116.00,0,0.00,116.00,23.00,46.00,70.00,9.00,organic,Amazon,paid_search,mobile,S00046,FALSE,2025-01,36,379.00,Online
ORD000047,1,C0040,2025-09-23,2025-09-23,P004,Daily Plant Protein,Powder,3,52.00,156.00,10,15.60,140.40,20.00,60.00,80.40,13.00,first_time_customer,Amazon,paid_search,mobile,S00047,TRUE,2025-04,0,168.00,Online
ORD000047,2,C0040,2025-09-23,2025-09-23,P002,Dark Choc Protein Butter,Butter,1,28.00,28.00,10,2.80,25.20,21.00,21.00,4.20,13.00,first_time_customer,Amazon,paid_search,mobile,S00047,TRUE,2025-04,0,168.00,Online
ORD000048,1,C0047,2025-05-31,2025-05-31,P005,Almond Crunch Bars,Bars,1,24.00,24.00,10,2.40,21.60,11.00,11.00,10.60,15.50,first_time_customer,Amazon,paid_social,tablet,S00048,TRUE,2025-02,0,56.00,Online
ORD000048,2,C0047,2025-05-31,2025-05-31,P007,Smooth Peanut Butter,Butter,2,35.00,70.00,10,7.00,63.00,21.00,42.00,21.00,15.50,first_time_customer,Amazon,paid_social,tablet,S00048,TRUE,2025-02,0,56.00,Online
ORD000049,1,C0058,2026-03-24,2026-03-24,P010,Mega Combo Box,Kits,4,89.00,356.00,10,35.60,320.40,35.00,140.00,180.40,0.00,easter_special,Amazon,organic,mobile,S00049,TRUE,2025-04,0,227.00,COD
ORD000049,2,C0058,2026-03-24,2026-03-24,P005,Almond Crunch Bars,Bars,1,24.00,24.00,10,2.40,21.60,11.00,11.00,10.60,0.00,easter_special,Amazon,organic,mobile,S00049,TRUE,2025-04,0,227.00,COD
ORD000050,1,C0056,2026-01-21,2026-01-21,P005,Almond Crunch Bars,Bars,2,24.00,48.00,5,2.40,45.60,11.00,22.00,23.60,0.00,organic,Amazon,organic,tablet,S00050,TRUE,2025-04,0,437.00,Online
ORD000051,1,C0002,2026-04-18,2026-04-18,P004,Daily Plant Protein,Powder,2,52.00,104.00,0,0.00,104.00,20.00,40.00,64.00,13.00,first_time_customer,Shopify,paid_search,tablet,S00051,TRUE,2025-01,0,215.00,COD
ORD000052,1,C0053,2025-05-19,2025-05-19,P007,Smooth Peanut Butter,Butter,2,35.00,70.00,10,7.00,63.00,21.00,42.00,21.00,22.00,first_time_customer,Amazon,paid_social,desktop,S00052,TRUE,2025-05,0,403.00,Online
ORD000052,2,C0053,2025-05-19,2025-05-19,P008,Collagen Peptides - Berry,Powder,2,58.00,116.00,10,11.60,104.40,23.00,46.00,58.40,22.00,first_time_customer,Amazon,paid_social,desktop,S00052,TRUE,2025-05,0,403.00,Online
ORD000053,1,C0057,2025-12-21,2025-12-21,P007,Smooth Peanut Butter,Butter,3,35.00,105.00,10,10.50,94.50,21.00,63.00,31.50,20.00,first_time_customer,Amazon,paid_search,mobile,S00053,TRUE,2025-04,0,89.00,Online
ORD000053,2,C0057,2025-12-21,2025-12-21,P006,Trial Discovery Kit,Kits,1,65.00,65.00,10,6.50,58.50,22.00,22.00,36.50,20.00,first_time_customer,Amazon,paid_search,mobile,S00053,TRUE,2025-04,0,89.00,Online
ORD000054,1,C0004,2025-03-21,2025-03-21,P001,Whey Isolate - Choc,Powder,2,45.00,90.00,10,9.00,81.00,18.00,36.00,45.00,0.00,easter_special,Amazon,organic,mobile,S00054,FALSE,2025-01,56,154.00,COD
ORD000054,2,C0004,2025-03-21,2025-03-21,P003,Himalayan Salt Chips,Chips,1,12.00,12.00,10,1.20,10.80,8.00,8.00,2.80,0.00,easter_special,Amazon,organic,mobile,S00054,FALSE,2025-01,56,154.00,COD
ORD000054,3,C0004,2025-03-21,2025-03-21,P002,Dark Choc Protein Butter,Butter,3,28.00,84.00,10,8.40,75.60,21.00,63.00,12.60,0.00,easter_special,Amazon,organic,mobile,S00054,FALSE,2025-01,56,154.00,COD
ORD000055,1,C0026,2026-01-06,2026-01-06,P003,Himalayan Salt Chips,Chips,3,12.00,36.00,0,0.00,36.00,8.00,24.00,12.00,0.00,organic,Shopify,organic,mobile,S00055,TRUE,2025-03,0,75.00,Online
ORD000055,2,C0026,2026-01-06,2026-01-06,P005,Almond Crunch Bars,Bars,1,24.00,24.00,0,0.00,24.00,11.00,11.00,13.00,0.00,organic,Shopify,organic,mobile,S00055,TRUE,2025-03,0,75.00,Online
ORD000055,3,C0026,2026-01-06,2026-01-06,P001,Whey Isolate - Choc,Powder,3,45.00,135.00,0,0.00,135.00,18.00,54.00,81.00,0.00,organic,Shopify,organic,mobile,S00055,TRUE,2025-03,0,75.00,Online
ORD000056,1,C0068,2026-04-06,2026-04-06,P005,Almond Crunch Bars,Bars,1,24.00,24.00,10,2.40,21.60,11.00,11.00,10.60,0.00,easter_special,Amazon,organic,desktop,S00056,TRUE,2025-05,0,427.00,COD
ORD000057,1,C0060,2025-12-04,2025-12-04,P002,Dark Choc Protein Butter,Butter,2,28.00,56.00,25,14.00,42.00,21.00,42.00,0.00,8.33,black_friday,Shopify,paid_search,desktop,S00057,TRUE,2025-05,0,263.00,COD
ORD000057,2,C0060,2025-12-04,2025-12-04,P007,Smooth Peanut Butter,Butter,4,35.00,140.00,25,35.00,105.00,21.00,84.00,21.00,8.33,black_friday,Shopify,paid_search,desktop,S00057,TRUE,2025-05,0,263.00,COD
ORD000057,3,C0060,2025-12-04,2025-12-04,P005,Almond Crunch Bars,Bars,2,24.00,48.00,25,12.00,36.00,11.00,22.00,14.00,8.33,black_friday,Shopify,paid_search,desktop,S00057,TRUE,2025-05,0,263.00,COD
ORD000058,1,C0067,2026-04-27,2026-04-27,P001,Whey Isolate - Choc,Powder,2,45.00,90.00,5,4.50,85.50,18.00,36.00,49.50,14.00,first_time_customer,Amazon,paid_search,tablet,S00058,TRUE,2025-06,0,215.00,Online
ORD000059,1,C0036,2026-02-19,2026-02-19,P003,Himalayan Salt Chips,Chips,1,12.00,12.00,5,0.60,11.40,8.00,8.00,3.40,10.50,first_time_customer,Shopify,paid_social,tablet,S00059,TRUE,2025-03,0,271.00,COD
ORD000059,2,C0036,2026-02-19,2026-02-19,P006,Trial Discovery Kit,Kits,1,65.00,65.00,5,3.25,61.75,22.00,22.00,39.75,10.50,first_time_customer,Shopify,paid_social,tablet,S00059,TRUE,2025-03,0,271.00,COD
ORD000060,1,C0050,2025-10-05,2025-10-05,P001,Whey Isolate - Choc,Powder,1,45.00,45.00,12,5.40,39.60,18.00,18.00,21.60,0.00,big_billion_days,Amazon,organic,desktop,S00060,TRUE,2025-04,0,426.00,Online
ORD000060,2,C0050,2025-10-05,2025-10-05,P002,Dark Choc Protein Butter,Butter,1,28.00,28.00,12,3.36,24.64,21.00,21.00,3.64,0.00,big_billion_days,Amazon,organic,desktop,S00060,TRUE,2025-04,0,426.00,Online
ORD000060,3,C0050,2025-10-05,2025-10-05,P010,Mega Combo Box,Kits,1,89.00,89.00,12,10.68,78.32,35.00,35.00,43.32,0.00,big_billion_days,Amazon,organic,desktop,S00060,TRUE,2025-04,0,426.00,Online
ORD000060,4,C0050,2025-10-05,2025-10-05,P003,Himalayan Salt Chips,Chips,1,12.00,12.00,12,1.44,10.56,8.00,8.00,2.56,0.00,big_billion_days,Amazon,organic,desktop,S00060,TRUE,2025-04,0,426.00,Online
ORD000061,1,C0029,2025-02-28,2025-02-28,P005,Almond Crunch Bars,Bars,2,24.00,48.00,0,0.00,48.00,11.00,22.00,26.00,6.00,organic,Shopify,paid_search,mobile,S00061,FALSE,2025-01,51,167.00,Online
ORD000061,2,C0029,2025-02-28,2025-02-28,P003,Himalayan Salt Chips,Chips,4,12.00,48.00,0,0.00,48.00,8.00,32.00,16.00,6.00,organic,Shopify,paid_search,mobile,S00061,FALSE,2025-01,51,167.00,Online
ORD000062,1,C0070,2026-02-06,2026-02-06,P005,Almond Crunch Bars,Bars,2,24.00,48.00,0,0.00,48.00,11.00,22.00,26.00,0.00,organic,Amazon,organic,tablet,S00062,TRUE,2025-04,0,171.00,Online
ORD000063,1,C0065,2026-03-26,2026-03-26,P003,Himalayan Salt Chips,Chips,2,12.00,24.00,12,2.88,21.12,8.00,16.00,5.12,0.00,easter_special,Amazon,organic,mobile,S00063,TRUE,2025-04,0,440.00,Online
ORD000063,2,C0065,2026-03-26,2026-03-26,P001,Whey Isolate - Choc,Powder,1,45.00,45.00,12,5.40,39.60,18.00,18.00,21.60,0.00,easter_special,Amazon,organic,mobile,S00063,TRUE,2025-04,0,440.00,Online
ORD000064,1,C0005,2026-03-20,2026-03-20,P003,Himalayan Salt Chips,Chips,2,12.00,24.00,8,1.92,22.08,8.00,16.00,6.08,0.00,easter_special,Amazon,organic,desktop,S00064,TRUE,2025-01,0,599.00,Online
ORD000064,2,C0005,2026-03-20,2026-03-20,P002,Dark Choc Protein Butter,Butter,3,28.00,84.00,8,6.72,77.28,21.00,63.00,14.28,0.00,easter_special,Amazon,organic,desktop,S00064,TRUE,2025-01,0,599.00,Online
ORD000065,1,C0023,2025-07-17,2025-07-17,P002,Dark Choc Protein Butter,Butter,2,28.00,56.00,10,5.60,50.40,21.00,42.00,8.40,14.67,prime_day,Amazon,paid_search,desktop,S00065,TRUE,2025-02,0,129.00,Online
ORD000065,2,C0023,2025-07-17,2025-07-17,P005,Almond Crunch Bars,Bars,1,24.00,24.00,10,2.40,21.60,11.00,11.00,10.60,14.67,prime_day,Amazon,paid_search,desktop,S00065,TRUE,2025-02,0,129.00,Online
ORD000065,3,C0023,2025-07-17,2025-07-17,P003,Himalayan Salt Chips,Chips,3,12.00,36.00,10,3.60,32.40,8.00,24.00,8.40,14.67,prime_day,Amazon,paid_search,desktop,S00065,TRUE,2025-02,0,129.00,Online
ORD000066,1,C0005,2025-04-28,2025-04-28,P009,Mango Protein Smoothie,Drinks,2,18.00,36.00,0,0.00,36.00,9.00,18.00,18.00,0.00,organic,Amazon,organic,desktop,S00066,FALSE,2025-01,118,599.00,COD
ORD000066,2,C0005,2025-04-28,2025-04-28,P002,Dark Choc Protein Butter,Butter,1,28.00,28.00,0,0.00,28.00,21.00,21.00,7.00,0.00,organic,Amazon,organic,desktop,S00066,FALSE,2025-01,118,599.00,COD
ORD000067,1,C0072,2025-06-19,2025-06-19,P005,Almond Crunch Bars,Bars,3,24.00,72.00,0,0.00,72.00,11.00,33.00,39.00,0.00,organic,Amazon,paid_social,tablet,S00067,TRUE,2025-04,0,128.00,Online
ORD000067,2,C0072,2025-06-19,2025-06-19,P007,Smooth Peanut Butter,Butter,1,35.00,35.00,0,0.00,35.00,21.00,21.00,14.00,0.00,organic,Amazon,paid_social,tablet,S00067,TRUE,2025-04,0,128.00,Online
ORD000067,3,C0072,2025-06-19,2025-06-19,P006,Trial Discovery Kit,Kits,1,65.00,65.00,0,0.00,65.00,22.00,22.00,43.00,0.00,organic,Amazon,paid_social,tablet,S00067,TRUE,2025-04,0,128.00,Online
ORD000068,1,C0041,2025-12-01,2025-12-01,P006,Trial Discovery Kit,Kits,1,65.00,65.00,15,9.75,55.25,22.00,22.00,33.25,13.00,black_friday,Shopify,paid_social,mobile,S00068,TRUE,2025-04,0,435.00,COD
ORD000068,2,C0041,2025-12-01,2025-12-01,P007,Smooth Peanut Butter,Butter,1,35.00,35.00,15,5.25,29.75,21.00,21.00,8.75,13.00,black_friday,Shopify,paid_social,mobile,S00068,TRUE,2025-04,0,435.00,COD
ORD000069,1,C0028,2025-03-29,2025-03-29,P010,Mega Combo Box,Kits,3,89.00,267.00,12,32.04,234.96,35.00,105.00,129.96,39.00,easter_special,Shopify,paid_search,tablet,S00069,FALSE,2025-03,21,375.00,Online
ORD000070,1,C0078,2026-01-11,2026-01-11,P003,Himalayan Salt Chips,Chips,2,12.00,24.00,0,0.00,24.00,8.00,16.00,8.00,9.00,first_time_customer,Amazon,paid_search,desktop,S00070,TRUE,2025-04,0,260.00,Online
ORD000071,1,C0081,2025-07-16,2025-07-16,P004,Daily Plant Protein,Powder,3,52.00,156.00,10,15.60,140.40,20.00,60.00,80.40,35.00,prime_day,Amazon,paid_social,mobile,S00071,TRUE,2025-06,0,272.00,Online
ORD000072,1,C0001,2025-05-12,2025-05-12,P008,Collagen Peptides - Berry,Powder,3,58.00,174.00,10,17.40,156.60,23.00,69.00,87.60,24.00,first_time_customer,Amazon,paid_social,desktop,S00072,TRUE,2025-01,0,88.00,Online
ORD000072,2,C0001,2025-05-12,2025-05-12,P007,Smooth Peanut Butter,Butter,3,35.00,105.00,10,10.50,94.50,21.00,63.00,31.50,24.00,first_time_customer,Amazon,paid_social,desktop,S00072,TRUE,2025-01,0,88.00,Online
ORD000073,1,C0061,2025-05-24,2025-05-24,P008,Collagen Peptides - Berry,Powder,2,58.00,116.00,5,5.80,110.20,23.00,46.00,64.20,33.00,first_time_customer,Amazon,paid_social,mobile,S00073,TRUE,2025-05,0,613.00,Online
ORD000074,1,C0059,2026-02-28,2026-02-28,P005,Almond Crunch Bars,Bars,2,24.00,48.00,10,4.80,43.20,11.00,22.00,21.20,4.00,first_time_customer,Shopify,paid_search,tablet,S00074,TRUE,2025-05,0,581.00,Online
ORD000074,2,C0059,2026-02-28,2026-02-28,P002,Dark Choc Protein Butter,Butter,2,28.00,56.00,10,5.60,50.40,21.00,42.00,8.40,4.00,first_time_customer,Shopify,paid_search,tablet,S00074,TRUE,2025-05,0,581.00,Online
ORD000074,3,C0059,2026-02-28,2026-02-28,P003,Himalayan Salt Chips,Chips,2,12.00,24.00,10,2.40,21.60,8.00,16.00,5.60,4.00,first_time_customer,Shopify,paid_search,tablet,S00074,TRUE,2025-05,0,581.00,Online
ORD000075,1,C0049,2025-05-10,2025-05-10,P004,Daily Plant Protein,Powder,2,52.00,104.00,0,0.00,104.00,20.00,40.00,64.00,38.00,first_time_customer,Amazon,paid_search,mobile,S00075,TRUE,2025-05,0,662.00,Online
ORD000076,1,C0021,2025-03-25,2025-03-25,P007,Smooth Peanut Butter,Butter,2,35.00,70.00,8,5.60,64.40,21.00,42.00,22.40,34.00,easter_special,Amazon,paid_search,desktop,S00076,FALSE,2025-03,12,147.00,COD
ORD000077,1,C0085,2026-03-30,2026-03-30,P006,Trial Discovery Kit,Kits,3,65.00,195.00,10,19.50,175.50,22.00,66.00,109.50,17.00,easter_special,Amazon,paid_social,tablet,S00077,TRUE,2025-06,0,143.00,Online
ORD000078,1,C0087,2025-07-13,2025-07-13,P005,Almond Crunch Bars,Bars,2,24.00,48.00,10,4.80,43.20,11.00,22.00,21.20,11.50,prime_day,Amazon,paid_search,desktop,S00078,TRUE,2025-05,0,555.00,COD
ORD000078,2,C0087,2025-07-13,2025-07-13,P001,Whey Isolate - Choc,Powder,2,45.00,90.00,10,9.00,81.00,18.00,36.00,45.00,11.50,prime_day,Amazon,paid_search,desktop,S00078,TRUE,2025-05,0,555.00,COD
ORD000079,1,C0083,2025-11-29,2025-11-29,P006,Trial Discovery Kit,Kits,3,65.00,195.00,25,48.75,146.25,22.00,66.00,80.25,33.00,black_friday,Amazon,paid_social,desktop,S00079,TRUE,2025-06,0,236.00,Online
ORD000080,1,C0011,2025-03-27,2025-03-27,P002,Dark Choc Protein Butter,Butter,3,28.00,84.00,12,10.08,73.92,21.00,63.00,10.92,0.00,easter_special,Shopify,organic,desktop,S00080,FALSE,2025-02,36,183.00,Online
ORD000080,2,C0011,2025-03-27,2025-03-27,P006,Trial Discovery Kit,Kits,2,65.00,130.00,12,15.60,114.40,22.00,44.00,70.40,0.00,easter_special,Shopify,organic,desktop,S00080,FALSE,2025-02,36,183.00,Online
ORD000081,1,C0014,2025-02-01,2025-02-01,P005,Almond Crunch Bars,Bars,3,24.00,72.00,0,0.00,72.00,11.00,33.00,39.00,0.00,organic,Amazon,organic,mobile,S00081,FALSE,2025-01,6,364.00,Online
ORD000081,2,C0014,2025-02-01,2025-02-01,P001,Whey Isolate - Choc,Powder,1,45.00,45.00,0,0.00,45.00,18.00,18.00,27.00,0.00,organic,Amazon,organic,mobile,S00081,FALSE,2025-01,6,364.00,Online
ORD000082,1,C0074,2026-03-09,2026-03-09,P007,Smooth Peanut Butter,Butter,2,35.00,70.00,12,8.40,61.60,21.00,42.00,19.60,0.00,easter_special,Shopify,organic,mobile,S00082,TRUE,2025-04,0,179.00,Online
ORD000082,2,C0074,2026-03-09,2026-03-09,P005,Almond Crunch Bars,Bars,2,24.00,48.00,12,5.76,42.24,11.00,22.00,20.24,0.00,easter_special,Shopify,organic,mobile,S00082,TRUE,2025-04,0,179.00,Online
ORD000083,1,C0042,2025-07-11,2025-07-11,P006,Trial Discovery Kit,Kits,3,65.00,195.00,10,19.50,175.50,22.00,66.00,109.50,14.00,prime_day,Amazon,paid_search,desktop,S00083,TRUE,2025-03,0,621.00,COD
ORD000083,2,C0042,2025-07-11,2025-07-11,P009,Mango Protein Smoothie,Drinks,5,18.00,90.00,10,9.00,81.00,9.00,45.00,36.00,14.00,prime_day,Amazon,paid_search,desktop,S00083,TRUE,2025-03,0,621.00,COD
ORD000083,3,C0042,2025-07-11,2025-07-11,P003,Himalayan Salt Chips,Chips,2,12.00,24.00,10,2.40,21.60,8.00,16.00,5.60,14.00,prime_day,Amazon,paid_search,desktop,S00083,TRUE,2025-03,0,621.00,COD
ORD000084,1,C0004,2025-02-21,2025-02-21,P008,Collagen Peptides - Berry,Powder,3,58.00,174.00,0,0.00,174.00,23.00,69.00,105.00,0.00,organic,Shopify,organic,mobile,S00084,FALSE,2025-01,28,154.00,COD
ORD000084,2,C0004,2025-02-21,2025-02-21,P005,Almond Crunch Bars,Bars,1,24.00,24.00,0,0.00,24.00,11.00,11.00,13.00,0.00,organic,Shopify,organic,mobile,S00084,FALSE,2025-01,28,154.00,COD
ORD000084,3,C0004,2025-02-21,2025-02-21,P004,Daily Plant Protein,Powder,3,52.00,156.00,0,0.00,156.00,20.00,60.00,96.00,0.00,organic,Shopify,organic,mobile,S00084,FALSE,2025-01,28,154.00,COD
ORD000084,4,C0004,2025-02-21,2025-02-21,P009,Mango Protein Smoothie,Drinks,1,18.00,18.00,0,0.00,18.00,9.00,9.00,9.00,0.00,organic,Shopify,organic,mobile,S00084,FALSE,2025-01,28,154.00,COD
ORD000085,1,C0071,2025-12-02,2025-12-02,P008,Collagen Peptides - Berry,Powder,2,58.00,116.00,20,23.20,92.80,23.00,46.00,46.80,10.67,black_friday,Amazon,paid_social,mobile,S00085,TRUE,2025-06,0,175.00,Online
ORD000085,2,C0071,2025-12-02,2025-12-02,P010,Mega Combo Box,Kits,2,89.00,178.00,20,35.60,142.40,35.00,70.00,72.40,10.67,black_friday,Amazon,paid_social,mobile,S00085,TRUE,2025-06,0,175.00,Online
ORD000085,3,C0071,2025-12-02,2025-12-02,P004,Daily Plant Protein,Powder,2,52.00,104.00,20,20.80,83.20,20.00,40.00,43.20,10.67,black_friday,Amazon,paid_social,mobile,S00085,TRUE,2025-06,0,175.00,Online
ORD000086,1,C0063,2025-07-23,2025-07-23,P007,Smooth Peanut Butter,Butter,2,35.00,70.00,5,3.50,66.50,21.00,42.00,24.50,19.00,first_time_customer,Amazon,paid_search,mobile,S00086,TRUE,2025-03,0,161.00,Online
ORD000086,2,C0063,2025-07-23,2025-07-23,P001,Whey Isolate - Choc,Powder,2,45.00,90.00,5,4.50,85.50,18.00,36.00,49.50,19.00,first_time_customer,Amazon,paid_search,mobile,S00086,TRUE,2025-03,0,161.00,Online
ORD000087,1,C0076,2025-06-27,2025-06-27,P004,Daily Plant Protein,Powder,1,52.00,52.00,0,0.00,52.00,20.00,20.00,32.00,2.50,organic,Shopify,paid_social,desktop,S00087,TRUE,2025-04,0,243.00,Online
ORD000087,2,C0076,2025-06-27,2025-06-27,P001,Whey Isolate - Choc,Powder,1,45.00,45.00,0,0.00,45.00,18.00,18.00,27.00,2.50,organic,Shopify,paid_social,desktop,S00087,TRUE,2025-04,0,243.00,Online
ORD000088,1,C0010,2025-06-01,2025-06-01,P001,Whey Isolate - Choc,Powder,2,45.00,90.00,0,0.00,90.00,18.00,36.00,54.00,5.00,organic,Shopify,paid_social,mobile,S00088,FALSE,2025-02,100,135.00,Online
ORD000088,2,C0010,2025-06-01,2025-06-01,P004,Daily Plant Protein,Powder,3,52.00,156.00,0,0.00,156.00,20.00,60.00,96.00,5.00,organic,Shopify,paid_social,mobile,S00088,FALSE,2025-02,100,135.00,Online
ORD000089,1,C0077,2026-01-25,2026-01-25,P004,Daily Plant Protein,Powder,1,52.00,52.00,0,0.00,52.00,20.00,20.00,32.00,0.00,organic,Amazon,paid_search,mobile,S00089,TRUE,2025-04,0,428.00,Online
ORD000089,2,C0077,2026-01-25,2026-01-25,P003,Himalayan Salt Chips,Chips,4,12.00,48.00,0,0.00,48.00,8.00,32.00,16.00,0.00,organic,Amazon,paid_search,mobile,S00089,TRUE,2025-04,0,428.00,Online
ORD000089,3,C0077,2026-01-25,2026-01-25,P002,Dark Choc Protein Butter,Butter,1,28.00,28.00,0,0.00,28.00,21.00,21.00,7.00,0.00,organic,Amazon,paid_search,mobile,S00089,TRUE,2025-04,0,428.00,Online
ORD000089,4,C0077,2026-01-25,2026-01-25,P007,Smooth Peanut Butter,Butter,2,35.00,70.00,0,0.00,70.00,21.00,42.00,28.00,0.00,organic,Amazon,paid_search,mobile,S00089,TRUE,2025-04,0,428.00,Online
ORD000090,1,C0079,2025-12-03,2025-12-03,P006,Trial Discovery Kit,Kits,2,65.00,130.00,15,19.50,110.50,22.00,44.00,66.50,0.00,black_friday,Amazon,organic,mobile,S00090,TRUE,2025-05,0,367.00,Online
ORD000090,2,C0079,2025-12-03,2025-12-03,P008,Collagen Peptides - Berry,Powder,1,58.00,58.00,15,8.70,49.30,23.00,23.00,26.30,0.00,black_friday,Amazon,organic,mobile,S00090,TRUE,2025-05,0,367.00,Online
ORD000090,3,C0079,2025-12-03,2025-12-03,P007,Smooth Peanut Butter,Butter,2,35.00,70.00,15,10.50,59.50,21.00,42.00,17.50,0.00,black_friday,Amazon,organic,mobile,S00090,TRUE,2025-05,0,367.00,Online
ORD000090,4,C0079,2025-12-03,2025-12-03,P002,Dark Choc Protein Butter,Butter,3,28.00,84.00,15,12.60,71.40,21.00,63.00,8.40,0.00,black_friday,Amazon,organic,mobile,S00090,TRUE,2025-05,0,367.00,Online
ORD000091,1,C0043,2025-03-08,2025-03-08,P004,Daily Plant Protein,Powder,2,52.00,104.00,0,0.00,104.00,20.00,40.00,64.00,0.00,organic,Shopify,organic,mobile,S00091,FALSE,2025-02,22,384.00,COD
ORD000092,1,C0095,2025-12-31,2025-12-31,P006,Trial Discovery Kit,Kits,2,65.00,130.00,0,0.00,130.00,22.00,44.00,86.00,0.00,organic,Amazon,paid_search,desktop,S00092,TRUE,2025-07,0,281.00,COD
ORD000092,2,C0095,2025-12-31,2025-12-31,P010,Mega Combo Box,Kits,1,89.00,89.00,0,0.00,89.00,35.00,35.00,54.00,0.00,organic,Amazon,paid_search,desktop,S00092,TRUE,2025-07,0,281.00,COD
ORD000093,1,C0030,2025-04-12,2025-04-12,P005,Almond Crunch Bars,Bars,1,24.00,24.00,0,0.00,24.00,11.00,11.00,13.00,0.75,organic,Amazon,paid_social,mobile,S00093,FALSE,2025-02,64,360.00,Online
ORD000093,2,C0030,2025-04-12,2025-04-12,P002,Dark Choc Protein Butter,Butter,4,28.00,112.00,0,0.00,112.00,21.00,84.00,28.00,0.75,organic,Amazon,paid_social,mobile,S00093,FALSE,2025-02,64,360.00,Online
ORD000093,3,C0030,2025-04-12,2025-04-12,P010,Mega Combo Box,Kits,2,89.00,178.00,0,0.00,178.00,35.00,70.00,108.00,0.75,organic,Amazon,paid_social,mobile,S00093,FALSE,2025-02,64,360.00,Online
ORD000093,4,C0030,2025-04-12,2025-04-12,P006,Trial Discovery Kit,Kits,2,65.00,130.00,0,0.00,130.00,22.00,44.00,86.00,0.75,organic,Amazon,paid_social,mobile,S00093,FALSE,2025-02,64,360.00,Online
ORD000094,1,C0002,2025-01-25,2025-01-25,P001,Whey Isolate - Choc,Powder,4,45.00,180.00,0,0.00,180.00,18.00,72.00,108.00,0.00,organic,Shopify,organic,tablet,S00094,FALSE,2025-01,18,215.00,Online
ORD000094,2,C0002,2025-01-25,2025-01-25,P003,Himalayan Salt Chips,Chips,5,12.00,60.00,0,0.00,60.00,8.00,40.00,20.00,0.00,organic,Shopify,organic,tablet,S00094,FALSE,2025-01,18,215.00,Online
ORD000094,3,C0002,2025-01-25,2025-01-25,P007,Smooth Peanut Butter,Butter,2,35.00,70.00,0,0.00,70.00,21.00,42.00,28.00,0.00,organic,Shopify,organic,tablet,S00094,FALSE,2025-01,18,215.00,Online
ORD000095,1,C0066,2026-01-16,2026-01-16,P006,Trial Discovery Kit,Kits,3,65.00,195.00,5,9.75,185.25,22.00,66.00,119.25,14.00,first_time_customer,Amazon,paid_social,desktop,S00095,TRUE,2025-06,0,433.00,Online
ORD000096,1,C0035,2025-05-03,2025-05-03,P005,Almond Crunch Bars,Bars,2,24.00,48.00,5,2.40,45.60,11.00,22.00,23.60,10.00,organic,Shopify,paid_search,mobile,S00096,FALSE,2025-03,46,245.00,COD
ORD000097,1,C0036,2025-05-11,2025-05-11,P004,Daily Plant Protein,Powder,2,52.00,104.00,0,0.00,104.00,20.00,40.00,64.00,2.00,organic,Amazon,paid_social,desktop,S00097,FALSE,2025-03,63,271.00,COD
ORD000097,2,C0036,2025-05-11,2025-05-11,P007,Smooth Peanut Butter,Butter,3,35.00,105.00,0,0.00,105.00,21.00,63.00,42.00,2.00,organic,Amazon,paid_social,desktop,S00097,FALSE,2025-03,63,271.00,COD
ORD000097,3,C0036,2025-05-11,2025-05-11,P001,Whey Isolate - Choc,Powder,2,45.00,90.00,0,0.00,90.00,18.00,36.00,54.00,2.00,organic,Amazon,paid_social,desktop,S00097,FALSE,2025-03,63,271.00,COD
ORD000098,1,C0003,2025-01-03,2025-01-03,P009,Mango Protein Smoothie,Drinks,1,18.00,18.00,5,0.90,17.10,9.00,9.00,8.10,0.00,organic,Amazon,organic,mobile,S00098,FALSE,2025-01,0,379.00,Online
ORD000098,2,C0003,2025-01-03,2025-01-03,P003,Himalayan Salt Chips,Chips,1,12.00,12.00,5,0.60,11.40,8.00,8.00,3.40,0.00,organic,Amazon,organic,mobile,S00098,FALSE,2025-01,0,379.00,Online
ORD000099,1,C0080,2025-07-18,2025-07-18,P008,Collagen Peptides - Berry,Powder,2,58.00,116.00,15,17.40,98.60,23.00,46.00,52.60,11.00,prime_day,Amazon,paid_search,tablet,S00099,TRUE,2025-06,0,388.00,Online
ORD000099,2,C0080,2025-07-18,2025-07-18,P009,Mango Protein Smoothie,Drinks,1,18.00,18.00,15,2.70,15.30,9.00,9.00,6.30,11.00,prime_day,Amazon,paid_search,tablet,S00099,TRUE,2025-06,0,388.00,Online
ORD000100,1,C0069,2026-01-14,2026-01-14,P004,Daily Plant Protein,Powder,5,52.00,260.00,5,13.00,247.00,20.00,100.00,147.00,0.00,first_time_customer,Amazon,organic,desktop,S00100,TRUE,2025-06,0,158.00,Online
ORD000101,1,C0090,2025-11-29,2025-11-29,P004,Daily Plant Protein,Powder,3,52.00,156.00,15,23.40,132.60,20.00,60.00,72.60,49.00,black_friday,Shopify,paid_search,mobile,S00101,TRUE,2025-07,0,155.00,COD
ORD000102,1,C0088,2025-08-31,2025-08-31,P004,Daily Plant Protein,Powder,2,52.00,104.00,0,0.00,104.00,20.00,40.00,64.00,0.00,organic,Amazon,organic,mobile,S00102,TRUE,2025-05,0,233.00,COD
ORD000102,2,C0088,2025-08-31,2025-08-31,P003,Himalayan Salt Chips,Chips,1,12.00,12.00,0,0.00,12.00,8.00,8.00,4.00,0.00,organic,Amazon,organic,mobile,S00102,TRUE,2025-05,0,233.00,COD
ORD000103,1,C0075,2025-09-04,2025-09-04,P001,Whey Isolate - Choc,Powder,2,45.00,90.00,0,0.00,90.00,18.00,36.00,54.00,3.50,organic,Shopify,paid_social,mobile,S00103,TRUE,2025-06,0,286.00,Online
ORD000103,2,C0075,2025-09-04,2025-09-04,P007,Smooth Peanut Butter,Butter,1,35.00,35.00,0,0.00,35.00,21.00,21.00,14.00,3.50,organic,Shopify,paid_social,mobile,S00103,TRUE,2025-06,0,286.00,Online
ORD000104,1,C0093,2026-01-09,2026-01-09,P001,Whey Isolate - Choc,Powder,2,45.00,90.00,0,0.00,90.00,18.00,36.00,54.00,0.00,organic,Amazon,organic,mobile,S00104,TRUE,2025-07,0,63.00,Online
ORD000104,2,C0093,2026-01-09,2026-01-09,P004,Daily Plant Protein,Powder,2,52.00,104.00,0,0.00,104.00,20.00,40.00,64.00,0.00,organic,Amazon,organic,mobile,S00104,TRUE,2025-07,0,63.00,Online
ORD000104,3,C0093,2026-01-09,2026-01-09,P009,Mango Protein Smoothie,Drinks,1,18.00,18.00,0,0.00,18.00,9.00,9.00,9.00,0.00,organic,Amazon,organic,mobile,S00104,TRUE,2025-07,0,63.00,Online
ORD000105,1,C0104,2025-10-05,2025-10-05,P002,Dark Choc Protein Butter,Butter,2,28.00,56.00,18,10.08,45.92,21.00,42.00,3.92,0.00,big_billion_days,Amazon,organic,mobile,S00105,TRUE,2025-06,0,596.00,COD
ORD000105,2,C0104,2025-10-05,2025-10-05,P007,Smooth Peanut Butter,Butter,2,35.00,70.00,18,12.60,57.40,21.00,42.00,15.40,0.00,big_billion_days,Amazon,organic,mobile,S00105,TRUE,2025-06,0,596.00,COD
ORD000106,1,C0034,2025-04-29,2025-04-29,P005,Almond Crunch Bars,Bars,5,24.00,120.00,0,0.00,120.00,11.00,55.00,65.00,0.00,organic,Amazon,organic,mobile,S00106,FALSE,2025-04,29,527.00,Online
ORD000107,1,C0107,2025-07-20,2025-07-20,P003,Himalayan Salt Chips,Chips,3,12.00,36.00,0,0.00,36.00,8.00,24.00,12.00,5.00,organic,Shopify,paid_search,mobile,S00107,TRUE,2025-07,0,357.00,Online
ORD000108,1,C0015,2025-06-17,2025-06-17,P006,Trial Discovery Kit,Kits,4,65.00,260.00,0,0.00,260.00,22.00,88.00,172.00,1.00,organic,Amazon,paid_search,tablet,S00108,FALSE,2025-02,115,334.00,Online
ORD000109,1,C0089,2025-10-05,2025-10-05,P002,Dark Choc Protein Butter,Butter,2,28.00,56.00,18,10.08,45.92,21.00,42.00,3.92,39.00,big_billion_days,Shopify,paid_search,desktop,S00109,TRUE,2025-07,0,369.00,Online
ORD000110,1,C0041,2025-04-25,2025-04-25,P003,Himalayan Salt Chips,Chips,3,12.00,36.00,0,0.00,36.00,8.00,24.00,12.00,0.00,organic,Shopify,organic,mobile,S00110,FALSE,2025-04,25,435.00,Online
ORD000110,2,C0041,2025-04-25,2025-04-25,P010,Mega Combo Box,Kits,2,89.00,178.00,0,0.00,178.00,35.00,70.00,108.00,0.00,organic,Shopify,organic,mobile,S00110,FALSE,2025-04,25,435.00,Online
ORD000110,3,C0041,2025-04-25,2025-04-25,P009,Mango Protein Smoothie,Drinks,2,18.00,36.00,0,0.00,36.00,9.00,18.00,18.00,0.00,organic,Shopify,organic,mobile,S00110,FALSE,2025-04,25,435.00,Online
ORD000111,1,C0073,2026-01-11,2026-01-11,P002,Dark Choc Protein Butter,Butter,5,28.00,140.00,0,0.00,140.00,21.00,105.00,35.00,0.00,organic,Shopify,organic,mobile,S00111,TRUE,2025-06,0,258.00,COD
ORD000112,1,C0064,2026-03-19,2026-03-19,P005,Almond Crunch Bars,Bars,3,24.00,72.00,12,8.64,63.36,11.00,33.00,30.36,0.00,easter_special,Amazon,organic,tablet,S00112,TRUE,2025-04,0,253.00,Online
ORD000112,2,C0064,2026-03-19,2026-03-19,P008,Collagen Peptides - Berry,Powder,2,58.00,116.00,12,13.92,102.08,23.00,46.00,56.08,0.00,easter_special,Amazon,organic,tablet,S00112,TRUE,2025-04,0,253.00,Online
ORD000113,1,C0002,2025-01-15,2025-01-15,P003,Himalayan Salt Chips,Chips,3,12.00,36.00,0,0.00,36.00,8.00,24.00,12.00,0.00,organic,Shopify,organic,tablet,S00113,FALSE,2025-01,8,215.00,COD
ORD000113,2,C0002,2025-01-15,2025-01-15,P002,Dark Choc Protein Butter,Butter,2,28.00,56.00,0,0.00,56.00,21.00,42.00,14.00,0.00,organic,Shopify,organic,tablet,S00113,FALSE,2025-01,8,215.00,COD
ORD000113,3,C0002,2025-01-15,2025-01-15,P007,Smooth Peanut Butter,Butter,1,35.00,35.00,0,0.00,35.00,21.00,21.00,14.00,0.00,organic,Shopify,organic,tablet,S00113,FALSE,2025-01,8,215.00,COD
ORD000114,1,C0102,2026-02-07,2026-02-07,P003,Himalayan Salt Chips,Chips,1,12.00,12.00,0,0.00,12.00,8.00,8.00,4.00,0.00,organic,Amazon,organic,tablet,S00114,TRUE,2025-08,0,166.00,Online
ORD000115,1,C0109,2025-11-04,2025-11-04,P002,Dark Choc Protein Butter,Butter,2,28.00,56.00,0,0.00,56.00,21.00,42.00,14.00,12.00,organic,Amazon,paid_search,mobile,S00115,TRUE,2025-06,0,85.00,Online
ORD000116,1,C0084,2026-01-19,2026-01-19,P001,Whey Isolate - Choc,Powder,1,45.00,45.00,10,4.50,40.50,18.00,18.00,22.50,0.00,first_time_customer,Amazon,organic,mobile,S00116,TRUE,2025-06,0,320.00,Online
ORD000117,1,C0012,2025-02-25,2025-02-25,P001,Whey Isolate - Choc,Powder,2,45.00,90.00,5,4.50,85.50,18.00,36.00,49.50,12.00,organic,Shopify,paid_search,tablet,S00117,FALSE,2025-02,13,321.00,Online
ORD000118,1,C0091,2025-10-08,2025-10-08,P003,Himalayan Salt Chips,Chips,3,12.00,36.00,22,7.92,28.08,8.00,24.00,4.08,0.00,big_billion_days,Amazon,organic,mobile,S00118,TRUE,2025-06,0,180.00,COD
ORD000118,2,C0091,2025-10-08,2025-10-08,P007,Smooth Peanut Butter,Butter,3,35.00,105.00,22,23.10,81.90,21.00,63.00,18.90,0.00,big_billion_days,Amazon,organic,mobile,S00118,TRUE,2025-06,0,180.00,COD
ORD000119,1,C0103,2025-08-21,2025-08-21,P003,Himalayan Salt Chips,Chips,3,12.00,36.00,10,3.60,32.40,8.00,24.00,8.40,9.75,first_time_customer,Amazon,paid_social,mobile,S00119,TRUE,2025-08,0,134.00,COD
ORD000119,2,C0103,2025-08-21,2025-08-21,P009,Mango Protein Smoothie,Drinks,2,18.00,36.00,10,3.60,32.40,9.00,18.00,14.40,9.75,first_time_customer,Amazon,paid_social,mobile,S00119,TRUE,2025-08,0,134.00,COD
ORD000119,3,C0103,2025-08-21,2025-08-21,P002,Dark Choc Protein Butter,Butter,4,28.00,112.00,10,11.20,100.80,21.00,84.00,16.80,9.75,first_time_customer,Amazon,paid_social,mobile,S00119,TRUE,2025-08,0,134.00,COD
ORD000119,4,C0103,2025-08-21,2025-08-21,P008,Collagen Peptides - Berry,Powder,3,58.00,174.00,10,17.40,156.60,23.00,69.00,87.60,9.75,first_time_customer,Amazon,paid_social,mobile,S00119,TRUE,2025-08,0,134.00,COD
ORD000120,1,C0105,2025-08-15,2025-08-15,P010,Mega Combo Box,Kits,3,89.00,267.00,0,0.00,267.00,35.00,105.00,162.00,10.50,first_time_customer,Amazon,paid_social,tablet,S00120,TRUE,2025-08,0,436.00,COD
ORD000120,2,C0105,2025-08-15,2025-08-15,P001,Whey Isolate - Choc,Powder,4,45.00,180.00,0,0.00,180.00,18.00,72.00,108.00,10.50,first_time_customer,Amazon,paid_social,tablet,S00120,TRUE,2025-08,0,436.00,COD
ORD000120,3,C0105,2025-08-15,2025-08-15,P007,Smooth Peanut Butter,Butter,3,35.00,105.00,0,0.00,105.00,21.00,63.00,42.00,10.50,first_time_customer,Amazon,paid_social,tablet,S00120,TRUE,2025-08,0,436.00,COD
ORD000120,4,C0105,2025-08-15,2025-08-15,P009,Mango Protein Smoothie,Drinks,5,18.00,90.00,0,0.00,90.00,9.00,45.00,45.00,10.50,first_time_customer,Amazon,paid_social,tablet,S00120,TRUE,2025-08,0,436.00,COD
ORD000121,1,C0040,2025-05-27,2025-05-27,P003,Himalayan Salt Chips,Chips,2,12.00,24.00,5,1.20,22.80,8.00,16.00,6.80,0.00,organic,Amazon,organic,desktop,S00121,FALSE,2025-04,44,168.00,Online
ORD000121,2,C0040,2025-05-27,2025-05-27,P004,Daily Plant Protein,Powder,1,52.00,52.00,5,2.60,49.40,20.00,20.00,29.40,0.00,organic,Amazon,organic,desktop,S00121,FALSE,2025-04,44,168.00,Online
ORD000122,1,C0042,2025-05-05,2025-05-05,P002,Dark Choc Protein Butter,Butter,1,28.00,28.00,5,1.40,26.60,21.00,21.00,5.60,0.00,organic,Shopify,organic,desktop,S00122,FALSE,2025-03,46,621.00,COD
ORD000123,1,C0101,2026-02-02,2026-02-02,P010,Mega Combo Box,Kits,1,89.00,89.00,5,4.45,84.55,35.00,35.00,49.55,22.00,first_time_customer,Amazon,paid_search,desktop,S00123,TRUE,2025-07,0,623.00,Online
ORD000124,1,C0094,2026-03-09,2026-03-09,P004,Daily Plant Protein,Powder,3,52.00,156.00,10,15.60,140.40,20.00,60.00,80.40,4.50,easter_special,Amazon,paid_search,mobile,S00124,TRUE,2025-06,0,632.00,Online
ORD000124,2,C0094,2026-03-09,2026-03-09,P008,Collagen Peptides - Berry,Powder,2,58.00,116.00,10,11.60,104.40,23.00,46.00,58.40,4.50,easter_special,Amazon,paid_search,mobile,S00124,TRUE,2025-06,0,632.00,Online
ORD000125,1,C0098,2026-01-17,2026-01-17,P007,Smooth Peanut Butter,Butter,3,35.00,105.00,0,0.00,105.00,21.00,63.00,42.00,0.00,first_time_customer,Shopify,organic,mobile,S00125,TRUE,2025-08,0,393.00,Online
ORD000125,2,C0098,2026-01-17,2026-01-17,P004,Daily Plant Protein,Powder,3,52.00,156.00,0,0.00,156.00,20.00,60.00,96.00,0.00,first_time_customer,Shopify,organic,mobile,S00125,TRUE,2025-08,0,393.00,Online
ORD000126,1,C0006,2025-06-23,2025-06-23,P001,Whey Isolate - Choc,Powder,5,45.00,225.00,0,0.00,225.00,18.00,90.00,135.00,1.67,organic,Amazon,paid_search,tablet,S00126,FALSE,2025-02,136,322.00,COD
ORD000126,2,C0006,2025-06-23,2025-06-23,P003,Himalayan Salt Chips,Chips,2,12.00,24.00,0,0.00,24.00,8.00,16.00,8.00,1.67,organic,Amazon,paid_search,tablet,S00126,FALSE,2025-02,136,322.00,COD
ORD000126,3,C0006,2025-06-23,2025-06-23,P009,Mango Protein Smoothie,Drinks,1,18.00,18.00,0,0.00,18.00,9.00,9.00,9.00,1.67,organic,Amazon,paid_search,tablet,S00126,FALSE,2025-02,136,322.00,COD
ORD000127,1,C0082,2025-10-23,2025-10-23,P001,Whey Isolate - Choc,Powder,2,45.00,90.00,10,9.00,81.00,18.00,36.00,45.00,0.00,first_time_customer,Amazon,organic,mobile,S00127,TRUE,2025-06,0,279.00,Online
ORD000127,2,C0082,2025-10-23,2025-10-23,P009,Mango Protein Smoothie,Drinks,2,18.00,36.00,10,3.60,32.40,9.00,18.00,14.40,0.00,first_time_customer,Amazon,organic,mobile,S00127,TRUE,2025-06,0,279.00,Online
ORD000127,3,C0082,2025-10-23,2025-10-23,P004,Daily Plant Protein,Powder,2,52.00,104.00,10,10.40,93.60,20.00,40.00,53.60,0.00,first_time_customer,Amazon,organic,mobile,S00127,TRUE,2025-06,0,279.00,Online
ORD000128,1,C0099,2026-04-25,2026-04-25,P004,Daily Plant Protein,Powder,4,52.00,208.00,5,10.40,197.60,20.00,80.00,117.60,0.00,organic,Amazon,organic,tablet,S00128,TRUE,2025-08,0,83.00,Online
ORD000128,2,C0099,2026-04-25,2026-04-25,P003,Himalayan Salt Chips,Chips,4,12.00,48.00,5,2.40,45.60,8.00,32.00,13.60,0.00,organic,Amazon,organic,tablet,S00128,TRUE,2025-08,0,83.00,Online
ORD000129,1,C0092,2025-11-19,2025-11-19,P003,Himalayan Salt Chips,Chips,3,12.00,36.00,25,9.00,27.00,8.00,24.00,3.00,28.00,black_friday,Amazon,paid_search,desktop,S00129,TRUE,2025-06,0,218.00,COD
ORD000130,1,C0116,2025-11-27,2025-11-27,P010,Mega Combo Box,Kits,1,89.00,89.00,15,13.35,75.65,35.00,35.00,40.65,7.67,black_friday,Amazon,paid_search,desktop,S00130,TRUE,2025-08,0,87.00,Online
ORD000130,2,C0116,2025-11-27,2025-11-27,P002,Dark Choc Protein Butter,Butter,1,28.00,28.00,15,4.20,23.80,21.00,21.00,2.80,7.67,black_friday,Amazon,paid_search,desktop,S00130,TRUE,2025-08,0,87.00,Online
ORD000130,3,C0116,2025-11-27,2025-11-27,P005,Almond Crunch Bars,Bars,1,24.00,24.00,15,3.60,20.40,11.00,11.00,9.40,7.67,black_friday,Amazon,paid_search,desktop,S00130,TRUE,2025-08,0,87.00,Online
ORD000131,1,C0114,2025-11-21,2025-11-21,P003,Himalayan Salt Chips,Chips,2,12.00,24.00,25,6.00,18.00,8.00,16.00,2.00,18.50,black_friday,Shopify,paid_social,desktop,S00131,TRUE,2025-08,0,93.00,Online
ORD000131,2,C0114,2025-11-21,2025-11-21,P001,Whey Isolate - Choc,Powder,1,45.00,45.00,25,11.25,33.75,18.00,18.00,15.75,18.50,black_friday,Shopify,paid_social,desktop,S00131,TRUE,2025-08,0,93.00,Online
ORD000132,1,C0121,2026-04-25,2026-04-25,P010,Mega Combo Box,Kits,3,89.00,267.00,0,0.00,267.00,35.00,105.00,162.00,0.00,organic,Shopify,organic,desktop,S00132,TRUE,2025-08,0,228.00,Online
ORD000133,1,C0025,2025-07-05,2025-07-05,P002,Dark Choc Protein Butter,Butter,1,28.00,28.00,0,0.00,28.00,21.00,21.00,7.00,0.00,organic,Shopify,organic,tablet,S00133,FALSE,2025-03,100,346.00,Online
ORD000133,2,C0025,2025-07-05,2025-07-05,P004,Daily Plant Protein,Powder,2,52.00,104.00,0,0.00,104.00,20.00,40.00,64.00,0.00,organic,Shopify,organic,tablet,S00133,FALSE,2025-03,100,346.00,Online
ORD000134,1,C0113,2025-12-18,2025-12-18,P003,Himalayan Salt Chips,Chips,3,12.00,36.00,0,0.00,36.00,8.00,24.00,12.00,16.00,first_time_customer,Amazon,paid_social,desktop,S00134,TRUE,2025-09,0,648.00,COD
ORD000134,2,C0113,2025-12-18,2025-12-18,P004,Daily Plant Protein,Powder,3,52.00,156.00,0,0.00,156.00,20.00,60.00,96.00,16.00,first_time_customer,Amazon,paid_social,desktop,S00134,TRUE,2025-09,0,648.00,COD
ORD000134,3,C0113,2025-12-18,2025-12-18,P009,Mango Protein Smoothie,Drinks,1,18.00,18.00,0,0.00,18.00,9.00,9.00,9.00,16.00,first_time_customer,Amazon,paid_social,desktop,S00134,TRUE,2025-09,0,648.00,COD
ORD000135,1,C0111,2025-10-14,2025-10-14,P002,Dark Choc Protein Butter,Butter,4,28.00,112.00,18,20.16,91.84,21.00,84.00,7.84,19.50,big_billion_days,Amazon,paid_social,mobile,S00135,TRUE,2025-07,0,68.00,Online
ORD000135,2,C0111,2025-10-14,2025-10-14,P001,Whey Isolate - Choc,Powder,2,45.00,90.00,18,16.20,73.80,18.00,36.00,37.80,19.50,big_billion_days,Amazon,paid_social,mobile,S00135,TRUE,2025-07,0,68.00,Online
ORD000136,1,C0125,2025-10-17,2025-10-17,P002,Dark Choc Protein Butter,Butter,1,28.00,28.00,5,1.40,26.60,21.00,21.00,5.60,6.67,first_time_customer,Amazon,paid_social,desktop,S00136,TRUE,2025-09,0,325.00,Online
ORD000136,2,C0125,2025-10-17,2025-10-17,P009,Mango Protein Smoothie,Drinks,2,18.00,36.00,5,1.80,34.20,9.00,18.00,16.20,6.67,first_time_customer,Amazon,paid_social,desktop,S00136,TRUE,2025-09,0,325.00,Online
ORD000136,3,C0125,2025-10-17,2025-10-17,P001,Whey Isolate - Choc,Powder,2,45.00,90.00,5,4.50,85.50,18.00,36.00,49.50,6.67,first_time_customer,Amazon,paid_social,desktop,S00136,TRUE,2025-09,0,325.00,Online
ORD000137,1,C0013,2025-01-30,2025-01-30,P003,Himalayan Salt Chips,Chips,2,12.00,24.00,0,0.00,24.00,8.00,16.00,8.00,0.00,organic,Amazon,organic,tablet,S00137,FALSE,2025-01,30,398.00,COD
ORD000138,1,C0119,2025-07-14,2025-07-14,P007,Smooth Peanut Butter,Butter,3,35.00,105.00,15,15.75,89.25,21.00,63.00,26.25,22.00,prime_day,Shopify,paid_search,mobile,S00138,TRUE,2025-07,0,160.00,Online
ORD000138,2,C0119,2025-07-14,2025-07-14,P004,Daily Plant Protein,Powder,2,52.00,104.00,15,15.60,88.40,20.00,40.00,48.40,22.00,prime_day,Shopify,paid_search,mobile,S00138,TRUE,2025-07,0,160.00,Online
ORD000139,1,C0108,2026-01-24,2026-01-24,P005,Almond Crunch Bars,Bars,3,24.00,72.00,0,0.00,72.00,11.00,33.00,39.00,0.00,organic,Shopify,organic,desktop,S00139,TRUE,2025-06,0,292.00,COD
ORD000140,1,C0110,2025-12-11,2025-12-11,P002,Dark Choc Protein Butter,Butter,1,28.00,28.00,0,0.00,28.00,21.00,21.00,7.00,1.25,organic,Amazon,paid_search,desktop,S00140,TRUE,2025-06,0,312.00,Online
ORD000140,2,C0110,2025-12-11,2025-12-11,P004,Daily Plant Protein,Powder,2,52.00,104.00,0,0.00,104.00,20.00,40.00,64.00,1.25,organic,Amazon,paid_search,desktop,S00140,TRUE,2025-06,0,312.00,Online
ORD000140,3,C0110,2025-12-11,2025-12-11,P001,Whey Isolate - Choc,Powder,1,45.00,45.00,0,0.00,45.00,18.00,18.00,27.00,1.25,organic,Amazon,paid_search,desktop,S00140,TRUE,2025-06,0,312.00,Online
ORD000140,4,C0110,2025-12-11,2025-12-11,P010,Mega Combo Box,Kits,2,89.00,178.00,0,0.00,178.00,35.00,70.00,108.00,1.25,organic,Amazon,paid_search,desktop,S00140,TRUE,2025-06,0,312.00,Online
ORD000141,1,C0112,2025-12-04,2025-12-04,P001,Whey Isolate - Choc,Powder,5,45.00,225.00,20,45.00,180.00,18.00,90.00,90.00,12.00,black_friday,Amazon,paid_search,mobile,S00141,TRUE,2025-06,0,64.00,COD
ORD000141,2,C0112,2025-12-04,2025-12-04,P007,Smooth Peanut Butter,Butter,2,35.00,70.00,20,14.00,56.00,21.00,42.00,14.00,12.00,black_friday,Amazon,paid_search,mobile,S00141,TRUE,2025-06,0,64.00,COD
ORD000142,1,C0022,2025-07-31,2025-07-31,P003,Himalayan Salt Chips,Chips,1,12.00,12.00,5,0.60,11.40,8.00,8.00,3.40,4.50,organic,Amazon,paid_social,mobile,S00142,FALSE,2025-03,142,444.00,Online
ORD000142,2,C0022,2025-07-31,2025-07-31,P007,Smooth Peanut Butter,Butter,4,35.00,140.00,5,7.00,133.00,21.00,84.00,49.00,4.50,organic,Amazon,paid_social,mobile,S00142,FALSE,2025-03,142,444.00,Online
ORD000143,1,C0048,2026-03-31,2026-03-31,P006,Trial Discovery Kit,Kits,3,65.00,195.00,8,15.60,179.40,22.00,66.00,113.40,0.00,easter_special,Amazon,organic,tablet,S00143,TRUE,2025-02,0,506.00,COD
ORD000143,2,C0048,2026-03-31,2026-03-31,P002,Dark Choc Protein Butter,Butter,1,28.00,28.00,8,2.24,25.76,21.00,21.00,4.76,0.00,easter_special,Amazon,organic,tablet,S00143,TRUE,2025-02,0,506.00,COD
ORD000144,1,C0009,2025-07-02,2025-07-02,P004,Daily Plant Protein,Powder,2,52.00,104.00,0,0.00,104.00,20.00,40.00,64.00,0.00,organic,Shopify,organic,desktop,S00144,FALSE,2025-01,161,131.00,Online
ORD000144,2,C0009,2025-07-02,2025-07-02,P003,Himalayan Salt Chips,Chips,2,12.00,24.00,0,0.00,24.00,8.00,16.00,8.00,0.00,organic,Shopify,organic,desktop,S00144,FALSE,2025-01,161,131.00,Online
ORD000145,1,C0131,2025-12-09,2025-12-09,P001,Whey Isolate - Choc,Powder,4,45.00,180.00,5,9.00,171.00,18.00,72.00,99.00,14.33,first_time_customer,Shopify,paid_social,mobile,S00145,TRUE,2025-09,0,103.00,Online
ORD000145,2,C0131,2025-12-09,2025-12-09,P007,Smooth Peanut Butter,Butter,4,35.00,140.00,5,7.00,133.00,21.00,84.00,49.00,14.33,first_time_customer,Shopify,paid_social,mobile,S00145,TRUE,2025-09,0,103.00,Online
ORD000145,3,C0131,2025-12-09,2025-12-09,P010,Mega Combo Box,Kits,1,89.00,89.00,5,4.45,84.55,35.00,35.00,49.55,14.33,first_time_customer,Shopify,paid_social,mobile,S00145,TRUE,2025-09,0,103.00,Online
ORD000146,1,C0120,2026-03-16,2026-03-16,P008,Collagen Peptides - Berry,Powder,2,58.00,116.00,10,11.60,104.40,23.00,46.00,58.40,0.00,easter_special,Shopify,organic,mobile,S00146,TRUE,2025-08,0,240.00,Online
ORD000146,2,C0120,2026-03-16,2026-03-16,P004,Daily Plant Protein,Powder,1,52.00,52.00,10,5.20,46.80,20.00,20.00,26.80,0.00,easter_special,Shopify,organic,mobile,S00146,TRUE,2025-08,0,240.00,Online
ORD000146,3,C0120,2026-03-16,2026-03-16,P003,Himalayan Salt Chips,Chips,1,12.00,12.00,10,1.20,10.80,8.00,8.00,2.80,0.00,easter_special,Shopify,organic,mobile,S00146,TRUE,2025-08,0,240.00,Online
ORD000147,1,C0128,2026-03-23,2026-03-23,P008,Collagen Peptides - Berry,Powder,3,58.00,174.00,10,17.40,156.60,23.00,69.00,87.60,0.00,easter_special,Shopify,organic,mobile,S00147,TRUE,2025-09,0,104.00,Online
ORD000147,2,C0128,2026-03-23,2026-03-23,P004,Daily Plant Protein,Powder,4,52.00,208.00,10,20.80,187.20,20.00,80.00,107.20,0.00,easter_special,Shopify,organic,mobile,S00147,TRUE,2025-09,0,104.00,Online
ORD000148,1,C0031,2025-03-14,2025-03-14,P009,Mango Protein Smoothie,Drinks,1,18.00,18.00,10,1.80,16.20,9.00,9.00,7.20,0.00,easter_special,Shopify,organic,tablet,S00148,FALSE,2025-01,60,191.00,Online
ORD000148,2,C0031,2025-03-14,2025-03-14,P006,Trial Discovery Kit,Kits,1,65.00,65.00,10,6.50,58.50,22.00,22.00,36.50,0.00,easter_special,Shopify,organic,tablet,S00148,FALSE,2025-01,60,191.00,Online
ORD000149,1,C0134,2026-03-04,2026-03-04,P007,Smooth Peanut Butter,Butter,5,35.00,175.00,5,8.75,166.25,21.00,105.00,61.25,11.00,first_time_customer,Amazon,paid_search,desktop,S00149,TRUE,2025-10,0,202.00,Online
ORD000150,1,C0015,2025-03-16,2025-03-16,P005,Almond Crunch Bars,Bars,2,24.00,48.00,10,4.80,43.20,11.00,22.00,21.20,10.33,easter_special,Amazon,paid_search,desktop,S00150,FALSE,2025-02,22,334.00,Online
ORD000150,2,C0015,2025-03-16,2025-03-16,P008,Collagen Peptides - Berry,Powder,2,58.00,116.00,10,11.60,104.40,23.00,46.00,58.40,10.33,easter_special,Amazon,paid_search,desktop,S00150,FALSE,2025-02,22,334.00,Online
ORD000150,3,C0015,2025-03-16,2025-03-16,P006,Trial Discovery Kit,Kits,1,65.00,65.00,10,6.50,58.50,22.00,22.00,36.50,10.33,easter_special,Amazon,paid_search,desktop,S00150,FALSE,2025-02,22,334.00,Online
ORD000151,1,C0136,2025-10-03,2025-10-03,P002,Dark Choc Protein Butter,Butter,3,28.00,84.00,0,0.00,84.00,21.00,63.00,21.00,0.00,organic,Shopify,organic,desktop,S00151,TRUE,2025-09,0,223.00,Online
ORD000152,1,C0137,2026-02-01,2026-02-01,P004,Daily Plant Protein,Powder,2,52.00,104.00,5,5.20,98.80,20.00,40.00,58.80,20.00,first_time_customer,Amazon,paid_social,tablet,S00152,TRUE,2025-08,0,76.00,Online
ORD000153,1,C0135,2025-11-19,2025-11-19,P004,Daily Plant Protein,Powder,2,52.00,104.00,25,26.00,78.00,20.00,40.00,38.00,0.00,black_friday,Amazon,organic,desktop,S00153,TRUE,2025-08,0,275.00,COD
ORD000153,2,C0135,2025-11-19,2025-11-19,P005,Almond Crunch Bars,Bars,2,24.00,48.00,25,12.00,36.00,11.00,22.00,14.00,0.00,black_friday,Amazon,organic,desktop,S00153,TRUE,2025-08,0,275.00,COD
ORD000154,1,C0006,2025-04-07,2025-04-07,P005,Almond Crunch Bars,Bars,2,24.00,48.00,10,4.80,43.20,11.00,22.00,21.20,24.00,easter_special,Shopify,paid_search,mobile,S00154,FALSE,2025-02,59,322.00,Online
ORD000155,1,C0052,2025-06-03,2025-06-03,P005,Almond Crunch Bars,Bars,1,24.00,24.00,0,0.00,24.00,11.00,11.00,13.00,3.00,organic,Shopify,paid_search,desktop,S00155,FALSE,2025-04,43,278.00,COD
ORD000155,2,C0052,2025-06-03,2025-06-03,P003,Himalayan Salt Chips,Chips,1,12.00,12.00,0,0.00,12.00,8.00,8.00,4.00,3.00,organic,Shopify,paid_search,desktop,S00155,FALSE,2025-04,43,278.00,COD
ORD000155,3,C0052,2025-06-03,2025-06-03,P001,Whey Isolate - Choc,Powder,2,45.00,90.00,0,0.00,90.00,18.00,36.00,54.00,3.00,organic,Shopify,paid_search,desktop,S00155,FALSE,2025-04,43,278.00,COD
ORD000155,4,C0052,2025-06-03,2025-06-03,P006,Trial Discovery Kit,Kits,4,65.00,260.00,0,0.00,260.00,22.00,88.00,172.00,3.00,organic,Shopify,paid_search,desktop,S00155,FALSE,2025-04,43,278.00,COD
ORD000156,1,C0129,2026-01-30,2026-01-30,P005,Almond Crunch Bars,Bars,5,24.00,120.00,0,0.00,120.00,11.00,55.00,65.00,0.00,organic,Shopify,organic,tablet,S00156,TRUE,2025-09,0,73.00,Online
ORD000156,2,C0129,2026-01-30,2026-01-30,P001,Whey Isolate - Choc,Powder,1,45.00,45.00,0,0.00,45.00,18.00,18.00,27.00,0.00,organic,Shopify,organic,tablet,S00156,TRUE,2025-09,0,73.00,Online
ORD000157,1,C0123,2025-12-28,2025-12-28,P010,Mega Combo Box,Kits,1,89.00,89.00,0,0.00,89.00,35.00,35.00,54.00,3.00,organic,Amazon,paid_social,desktop,S00157,TRUE,2025-08,0,151.00,Online
ORD000157,2,C0123,2025-12-28,2025-12-28,P005,Almond Crunch Bars,Bars,2,24.00,48.00,0,0.00,48.00,11.00,22.00,26.00,3.00,organic,Amazon,paid_social,desktop,S00157,TRUE,2025-08,0,151.00,Online
ORD000157,3,C0123,2025-12-28,2025-12-28,P009,Mango Protein Smoothie,Drinks,1,18.00,18.00,0,0.00,18.00,9.00,9.00,9.00,3.00,organic,Amazon,paid_social,desktop,S00157,TRUE,2025-08,0,151.00,Online
ORD000158,1,C0097,2026-04-15,2026-04-15,P001,Whey Isolate - Choc,Powder,3,45.00,135.00,10,13.50,121.50,18.00,54.00,67.50,21.00,first_time_customer,Shopify,paid_social,tablet,S00158,TRUE,2025-08,0,158.00,Online
ORD000159,1,C0005,2025-01-24,2025-01-24,P002,Dark Choc Protein Butter,Butter,2,28.00,56.00,0,0.00,56.00,21.00,42.00,14.00,0.00,organic,Amazon,organic,desktop,S00159,FALSE,2025-01,24,599.00,Online
ORD000159,2,C0005,2025-01-24,2025-01-24,P003,Himalayan Salt Chips,Chips,2,12.00,24.00,0,0.00,24.00,8.00,16.00,8.00,0.00,organic,Amazon,organic,desktop,S00159,FALSE,2025-01,24,599.00,Online
ORD000159,3,C0005,2025-01-24,2025-01-24,P001,Whey Isolate - Choc,Powder,3,45.00,135.00,0,0.00,135.00,18.00,54.00,81.00,0.00,organic,Amazon,organic,desktop,S00159,FALSE,2025-01,24,599.00,Online
ORD000160,1,C0029,2025-03-19,2025-03-19,P001,Whey Isolate - Choc,Powder,3,45.00,135.00,8,10.80,124.20,18.00,54.00,70.20,0.00,easter_special,Shopify,organic,tablet,S00160,FALSE,2025-01,70,167.00,COD
ORD000160,2,C0029,2025-03-19,2025-03-19,P006,Trial Discovery Kit,Kits,1,65.00,65.00,8,5.20,59.80,22.00,22.00,37.80,0.00,easter_special,Shopify,organic,tablet,S00160,FALSE,2025-01,70,167.00,COD
ORD000161,1,C0133,2025-11-23,2025-11-23,P007,Smooth Peanut Butter,Butter,1,35.00,35.00,15,5.25,29.75,21.00,21.00,8.75,11.00,black_friday,Amazon,paid_search,desktop,S00161,TRUE,2025-10,0,365.00,Online
ORD000161,2,C0133,2025-11-23,2025-11-23,P003,Himalayan Salt Chips,Chips,2,12.00,24.00,15,3.60,20.40,8.00,16.00,4.40,11.00,black_friday,Amazon,paid_search,desktop,S00161,TRUE,2025-10,0,365.00,Online
ORD000161,3,C0133,2025-11-23,2025-11-23,P006,Trial Discovery Kit,Kits,3,65.00,195.00,15,29.25,165.75,22.00,66.00,99.75,11.00,black_friday,Amazon,paid_search,desktop,S00161,TRUE,2025-10,0,365.00,Online
ORD000161,4,C0133,2025-11-23,2025-11-23,P004,Daily Plant Protein,Powder,2,52.00,104.00,15,15.60,88.40,20.00,40.00,48.40,11.00,black_friday,Amazon,paid_search,desktop,S00161,TRUE,2025-10,0,365.00,Online
ORD000162,1,C0139,2025-10-20,2025-10-20,P004,Daily Plant Protein,Powder,3,52.00,156.00,5,7.80,148.20,20.00,60.00,88.20,4.00,organic,Shopify,paid_social,desktop,S00162,TRUE,2025-09,0,410.00,Online
ORD000162,2,C0139,2025-10-20,2025-10-20,P010,Mega Combo Box,Kits,1,89.00,89.00,5,4.45,84.55,35.00,35.00,49.55,4.00,organic,Shopify,paid_social,desktop,S00162,TRUE,2025-09,0,410.00,Online
ORD000162,3,C0139,2025-10-20,2025-10-20,P001,Whey Isolate - Choc,Powder,1,45.00,45.00,5,2.25,42.75,18.00,18.00,24.75,4.00,organic,Shopify,paid_social,desktop,S00162,TRUE,2025-09,0,410.00,Online
ORD000163,1,C0100,2026-01-13,2026-01-13,P001,Whey Isolate - Choc,Powder,3,45.00,135.00,5,6.75,128.25,18.00,54.00,74.25,4.00,first_time_customer,Amazon,paid_search,mobile,S00163,TRUE,2025-06,0,451.00,Online
ORD000163,2,C0100,2026-01-13,2026-01-13,P003,Himalayan Salt Chips,Chips,1,12.00,12.00,5,0.60,11.40,8.00,8.00,3.40,4.00,first_time_customer,Amazon,paid_search,mobile,S00163,TRUE,2025-06,0,451.00,Online
ORD000163,3,C0100,2026-01-13,2026-01-13,P004,Daily Plant Protein,Powder,3,52.00,156.00,5,7.80,148.20,20.00,60.00,88.20,4.00,first_time_customer,Amazon,paid_search,mobile,S00163,TRUE,2025-06,0,451.00,Online
ORD000164,1,C0138,2025-12-29,2025-12-29,P002,Dark Choc Protein Butter,Butter,4,28.00,112.00,5,5.60,106.40,21.00,84.00,22.40,0.00,first_time_customer,Shopify,organic,mobile,S00164,TRUE,2025-08,0,160.00,Online
ORD000164,2,C0138,2025-12-29,2025-12-29,P007,Smooth Peanut Butter,Butter,4,35.00,140.00,5,7.00,133.00,21.00,84.00,49.00,0.00,first_time_customer,Shopify,organic,mobile,S00164,TRUE,2025-08,0,160.00,Online
ORD000164,3,C0138,2025-12-29,2025-12-29,P001,Whey Isolate - Choc,Powder,1,45.00,45.00,5,2.25,42.75,18.00,18.00,24.75,0.00,first_time_customer,Shopify,organic,mobile,S00164,TRUE,2025-08,0,160.00,Online
ORD000165,1,C0012,2025-02-18,2025-02-18,P005,Almond Crunch Bars,Bars,5,24.00,120.00,0,0.00,120.00,11.00,55.00,65.00,11.00,organic,Shopify,paid_social,desktop,S00165,FALSE,2025-02,6,321.00,Online
ORD000166,1,C0003,2025-02-04,2025-02-04,P001,Whey Isolate - Choc,Powder,3,45.00,135.00,0,0.00,135.00,18.00,54.00,81.00,0.00,organic,Amazon,organic,mobile,S00166,FALSE,2025-01,32,379.00,Online
ORD000167,1,C0086,2025-07-15,2025-07-15,P007,Smooth Peanut Butter,Butter,1,35.00,35.00,15,5.25,29.75,21.00,21.00,8.75,10.67,prime_day,Amazon,paid_search,desktop,S00167,TRUE,2025-05,0,181.00,COD
ORD000167,2,C0086,2025-07-15,2025-07-15,P005,Almond Crunch Bars,Bars,5,24.00,120.00,15,18.00,102.00,11.00,55.00,47.00,10.67,prime_day,Amazon,paid_search,desktop,S00167,TRUE,2025-05,0,181.00,COD
ORD000167,3,C0086,2025-07-15,2025-07-15,P006,Trial Discovery Kit,Kits,2,65.00,130.00,15,19.50,110.50,22.00,44.00,66.50,10.67,prime_day,Amazon,paid_search,desktop,S00167,TRUE,2025-05,0,181.00,COD
ORD000168,1,C0049,2025-05-26,2025-05-26,P002,Dark Choc Protein Butter,Butter,2,28.00,56.00,0,0.00,56.00,21.00,42.00,14.00,2.50,organic,Amazon,paid_search,mobile,S00168,FALSE,2025-05,19,662.00,Online
ORD000168,2,C0049,2025-05-26,2025-05-26,P006,Trial Discovery Kit,Kits,2,65.00,130.00,0,0.00,130.00,22.00,44.00,86.00,2.50,organic,Amazon,paid_search,mobile,S00168,FALSE,2025-05,19,662.00,Online
ORD000169,1,C0132,2025-10-22,2025-10-22,P002,Dark Choc Protein Butter,Butter,5,28.00,140.00,10,14.00,126.00,21.00,105.00,21.00,0.00,first_time_customer,Shopify,organic,desktop,S00169,TRUE,2025-10,0,144.00,Online
ORD000170,1,C0143,2026-03-02,2026-03-02,P005,Almond Crunch Bars,Bars,1,24.00,24.00,10,2.40,21.60,11.00,11.00,10.60,14.00,first_time_customer,Shopify,paid_social,desktop,S00170,TRUE,2025-08,0,73.00,Online
ORD000171,1,C0154,2025-09-15,2025-09-15,P002,Dark Choc Protein Butter,Butter,2,28.00,56.00,10,5.60,50.40,21.00,42.00,8.40,46.00,first_time_customer,Amazon,paid_search,desktop,S00171,TRUE,2025-09,0,300.00,Online
ORD000172,1,C0011,2025-04-03,2025-04-03,P001,Whey Isolate - Choc,Powder,3,45.00,135.00,10,13.50,121.50,18.00,54.00,67.50,12.67,easter_special,Amazon,paid_social,mobile,S00172,FALSE,2025-02,43,183.00,Online
ORD000172,2,C0011,2025-04-03,2025-04-03,P007,Smooth Peanut Butter,Butter,2,35.00,70.00,10,7.00,63.00,21.00,42.00,21.00,12.67,easter_special,Amazon,paid_social,mobile,S00172,FALSE,2025-02,43,183.00,Online
ORD000172,3,C0011,2025-04-03,2025-04-03,P004,Daily Plant Protein,Powder,1,52.00,52.00,10,5.20,46.80,20.00,20.00,26.80,12.67,easter_special,Amazon,paid_social,mobile,S00172,FALSE,2025-02,43,183.00,Online
ORD000173,1,C0149,2025-12-27,2025-12-27,P006,Trial Discovery Kit,Kits,1,65.00,65.00,10,6.50,58.50,22.00,22.00,36.50,22.50,first_time_customer,Amazon,paid_search,mobile,S00173,TRUE,2025-11,0,424.00,Online
ORD000173,2,C0149,2025-12-27,2025-12-27,P003,Himalayan Salt Chips,Chips,2,12.00,24.00,10,2.40,21.60,8.00,16.00,5.60,22.50,first_time_customer,Amazon,paid_search,mobile,S00173,TRUE,2025-11,0,424.00,Online
ORD000174,1,C0039,2025-08-04,2025-08-04,P003,Himalayan Salt Chips,Chips,2,12.00,24.00,0,0.00,24.00,8.00,16.00,8.00,0.50,organic,Amazon,paid_search,mobile,S00174,FALSE,2025-03,135,260.00,Online
ORD000174,2,C0039,2025-08-04,2025-08-04,P002,Dark Choc Protein Butter,Butter,1,28.00,28.00,0,0.00,28.00,21.00,21.00,7.00,0.50,organic,Amazon,paid_search,mobile,S00174,FALSE,2025-03,135,260.00,Online
ORD000174,3,C0039,2025-08-04,2025-08-04,P008,Collagen Peptides - Berry,Powder,3,58.00,174.00,0,0.00,174.00,23.00,69.00,105.00,0.50,organic,Amazon,paid_search,mobile,S00174,FALSE,2025-03,135,260.00,Online
ORD000174,4,C0039,2025-08-04,2025-08-04,P005,Almond Crunch Bars,Bars,2,24.00,48.00,0,0.00,48.00,11.00,22.00,26.00,0.50,organic,Amazon,paid_search,mobile,S00174,FALSE,2025-03,135,260.00,Online
ORD000175,1,C0141,2026-03-12,2026-03-12,P007,Smooth Peanut Butter,Butter,4,35.00,140.00,8,11.20,128.80,21.00,84.00,44.80,0.00,easter_special,Shopify,organic,mobile,S00175,TRUE,2025-10,0,528.00,COD
ORD000176,1,C0046,2025-07-17,2025-07-17,P003,Himalayan Salt Chips,Chips,4,12.00,48.00,15,7.20,40.80,8.00,32.00,8.80,46.00,prime_day,Amazon,paid_search,desktop,S00176,FALSE,2025-03,124,607.00,Online
ORD000177,1,C0030,2025-03-26,2025-03-26,P006,Trial Discovery Kit,Kits,2,65.00,130.00,12,15.60,114.40,22.00,44.00,70.40,8.75,easter_special,Amazon,paid_search,mobile,S00177,FALSE,2025-02,47,360.00,COD
ORD000177,2,C0030,2025-03-26,2025-03-26,P007,Smooth Peanut Butter,Butter,2,35.00,70.00,12,8.40,61.60,21.00,42.00,19.60,8.75,easter_special,Amazon,paid_search,mobile,S00177,FALSE,2025-02,47,360.00,COD
ORD000177,3,C0030,2025-03-26,2025-03-26,P004,Daily Plant Protein,Powder,4,52.00,208.00,12,24.96,183.04,20.00,80.00,103.04,8.75,easter_special,Amazon,paid_search,mobile,S00177,FALSE,2025-02,47,360.00,COD
ORD000177,4,C0030,2025-03-26,2025-03-26,P001,Whey Isolate - Choc,Powder,1,45.00,45.00,12,5.40,39.60,18.00,18.00,21.60,8.75,easter_special,Amazon,paid_search,mobile,S00177,FALSE,2025-02,47,360.00,COD
ORD000178,1,C0118,2026-02-13,2026-02-13,P010,Mega Combo Box,Kits,1,89.00,89.00,0,0.00,89.00,35.00,35.00,54.00,0.00,organic,Amazon,organic,mobile,S00178,TRUE,2025-08,0,63.00,Online
ORD000178,2,C0118,2026-02-13,2026-02-13,P001,Whey Isolate - Choc,Powder,4,45.00,180.00,0,0.00,180.00,18.00,72.00,108.00,0.00,organic,Amazon,organic,mobile,S00178,TRUE,2025-08,0,63.00,Online
ORD000178,3,C0118,2026-02-13,2026-02-13,P009,Mango Protein Smoothie,Drinks,3,18.00,54.00,0,0.00,54.00,9.00,27.00,27.00,0.00,organic,Amazon,organic,mobile,S00178,TRUE,2025-08,0,63.00,Online
ORD000178,4,C0118,2026-02-13,2026-02-13,P006,Trial Discovery Kit,Kits,2,65.00,130.00,0,0.00,130.00,22.00,44.00,86.00,0.00,organic,Amazon,organic,mobile,S00178,TRUE,2025-08,0,63.00,Online
ORD000179,1,C0140,2025-11-27,2025-11-27,P005,Almond Crunch Bars,Bars,3,24.00,72.00,15,10.80,61.20,11.00,33.00,28.20,16.00,black_friday,Shopify,paid_search,tablet,S00179,TRUE,2025-09,0,111.00,Online
ORD000179,2,C0140,2025-11-27,2025-11-27,P006,Trial Discovery Kit,Kits,1,65.00,65.00,15,9.75,55.25,22.00,22.00,33.25,16.00,black_friday,Shopify,paid_search,tablet,S00179,TRUE,2025-09,0,111.00,Online
ORD000180,1,C0027,2025-07-21,2025-07-21,P006,Trial Discovery Kit,Kits,2,65.00,130.00,0,0.00,130.00,22.00,44.00,86.00,0.00,organic,Amazon,organic,tablet,S00180,FALSE,2025-02,168,178.00,Online
ORD000180,2,C0027,2025-07-21,2025-07-21,P002,Dark Choc Protein Butter,Butter,2,28.00,56.00,0,0.00,56.00,21.00,42.00,14.00,0.00,organic,Amazon,organic,tablet,S00180,FALSE,2025-02,168,178.00,Online
ORD000180,3,C0027,2025-07-21,2025-07-21,P010,Mega Combo Box,Kits,1,89.00,89.00,0,0.00,89.00,35.00,35.00,54.00,0.00,organic,Amazon,organic,tablet,S00180,FALSE,2025-02,168,178.00,Online
ORD000181,1,C0122,2025-09-26,2025-09-26,P002,Dark Choc Protein Butter,Butter,2,28.00,56.00,0,0.00,56.00,21.00,42.00,14.00,7.33,first_time_customer,Shopify,paid_social,mobile,S00181,TRUE,2025-09,0,198.00,Online
ORD000181,2,C0122,2025-09-26,2025-09-26,P009,Mango Protein Smoothie,Drinks,2,18.00,36.00,0,0.00,36.00,9.00,18.00,18.00,7.33,first_time_customer,Shopify,paid_social,mobile,S00181,TRUE,2025-09,0,198.00,Online
ORD000181,3,C0122,2025-09-26,2025-09-26,P007,Smooth Peanut Butter,Butter,2,35.00,70.00,0,0.00,70.00,21.00,42.00,28.00,7.33,first_time_customer,Shopify,paid_social,mobile,S00181,TRUE,2025-09,0,198.00,Online
ORD000182,1,C0045,2025-02-27,2025-02-27,P003,Himalayan Salt Chips,Chips,1,12.00,12.00,0,0.00,12.00,8.00,8.00,4.00,3.00,organic,Amazon,paid_search,mobile,S00182,FALSE,2025-02,10,622.00,Online
ORD000183,1,C0053,2025-08-19,2025-08-19,P007,Smooth Peanut Butter,Butter,1,35.00,35.00,5,1.75,33.25,21.00,21.00,12.25,0.00,organic,Shopify,organic,desktop,S00183,FALSE,2025-05,95,403.00,COD
ORD000183,2,C0053,2025-08-19,2025-08-19,P004,Daily Plant Protein,Powder,1,52.00,52.00,5,2.60,49.40,20.00,20.00,29.40,0.00,organic,Shopify,organic,desktop,S00183,FALSE,2025-05,95,403.00,COD
ORD000184,1,C0096,2026-04-02,2026-04-02,P006,Trial Discovery Kit,Kits,2,65.00,130.00,10,13.00,117.00,22.00,44.00,73.00,0.00,easter_special,Amazon,organic,mobile,S00184,TRUE,2025-05,0,103.00,Online
ORD000185,1,C0148,2025-12-04,2025-12-04,P001,Whey Isolate - Choc,Powder,3,45.00,135.00,15,20.25,114.75,18.00,54.00,60.75,15.33,black_friday,Shopify,paid_search,desktop,S00185,TRUE,2025-10,0,160.00,COD
ORD000185,2,C0148,2025-12-04,2025-12-04,P003,Himalayan Salt Chips,Chips,4,12.00,48.00,15,7.20,40.80,8.00,32.00,8.80,15.33,black_friday,Shopify,paid_search,desktop,S00185,TRUE,2025-10,0,160.00,COD
ORD000185,3,C0148,2025-12-04,2025-12-04,P006,Trial Discovery Kit,Kits,2,65.00,130.00,15,19.50,110.50,22.00,44.00,66.50,15.33,black_friday,Shopify,paid_search,desktop,S00185,TRUE,2025-10,0,160.00,COD
ORD000186,1,C0144,2026-03-18,2026-03-18,P001,Whey Isolate - Choc,Powder,3,45.00,135.00,8,10.80,124.20,18.00,54.00,70.20,0.00,easter_special,Amazon,organic,tablet,S00186,TRUE,2025-09,0,554.00,Online
ORD000186,2,C0144,2026-03-18,2026-03-18,P009,Mango Protein Smoothie,Drinks,1,18.00,18.00,8,1.44,16.56,9.00,9.00,7.56,0.00,easter_special,Amazon,organic,tablet,S00186,TRUE,2025-09,0,554.00,Online
ORD000186,3,C0144,2026-03-18,2026-03-18,P005,Almond Crunch Bars,Bars,1,24.00,24.00,8,1.92,22.08,11.00,11.00,11.08,0.00,easter_special,Amazon,organic,tablet,S00186,TRUE,2025-09,0,554.00,Online
ORD000187,1,C0176,2025-10-10,2025-10-10,P005,Almond Crunch Bars,Bars,3,24.00,72.00,22,15.84,56.16,11.00,33.00,23.16,0.00,big_billion_days,Shopify,organic,desktop,S00187,TRUE,2025-10,0,418.00,Online
ORD000188,1,C0017,2025-03-23,2025-03-23,P003,Himalayan Salt Chips,Chips,1,12.00,12.00,10,1.20,10.80,8.00,8.00,2.80,0.00,easter_special,Amazon,organic,desktop,S00188,FALSE,2025-02,36,377.00,COD
ORD000188,2,C0017,2025-03-23,2025-03-23,P009,Mango Protein Smoothie,Drinks,4,18.00,72.00,10,7.20,64.80,9.00,36.00,28.80,0.00,easter_special,Amazon,organic,desktop,S00188,FALSE,2025-02,36,377.00,COD
ORD000188,3,C0017,2025-03-23,2025-03-23,P006,Trial Discovery Kit,Kits,2,65.00,130.00,10,13.00,117.00,22.00,44.00,73.00,0.00,easter_special,Amazon,organic,desktop,S00188,FALSE,2025-02,36,377.00,COD
ORD000189,1,C0048,2025-07-29,2025-07-29,P001,Whey Isolate - Choc,Powder,2,45.00,90.00,0,0.00,90.00,18.00,36.00,54.00,3.33,organic,Amazon,paid_search,desktop,S00189,FALSE,2025-02,162,506.00,COD
ORD000189,2,C0048,2025-07-29,2025-07-29,P005,Almond Crunch Bars,Bars,1,24.00,24.00,0,0.00,24.00,11.00,11.00,13.00,3.33,organic,Amazon,paid_search,desktop,S00189,FALSE,2025-02,162,506.00,COD
ORD000189,3,C0048,2025-07-29,2025-07-29,P008,Collagen Peptides - Berry,Powder,2,58.00,116.00,0,0.00,116.00,23.00,46.00,70.00,3.33,organic,Amazon,paid_search,desktop,S00189,FALSE,2025-02,162,506.00,COD
ORD000190,1,C0152,2025-09-17,2025-09-17,P001,Whey Isolate - Choc,Powder,3,45.00,135.00,0,0.00,135.00,18.00,54.00,81.00,0.00,organic,Shopify,organic,tablet,S00190,TRUE,2025-09,0,144.00,COD
ORD000191,1,C0167,2025-10-12,2025-10-12,P010,Mega Combo Box,Kits,5,89.00,445.00,12,53.40,391.60,35.00,175.00,216.60,0.00,big_billion_days,Shopify,organic,mobile,S00191,TRUE,2025-10,0,410.00,COD
ORD000191,2,C0167,2025-10-12,2025-10-12,P001,Whey Isolate - Choc,Powder,1,45.00,45.00,12,5.40,39.60,18.00,18.00,21.60,0.00,big_billion_days,Shopify,organic,mobile,S00191,TRUE,2025-10,0,410.00,COD
ORD000192,1,C0005,2025-01-18,2025-01-18,P007,Smooth Peanut Butter,Butter,3,35.00,105.00,0,0.00,105.00,21.00,63.00,42.00,3.00,organic,Amazon,paid_search,tablet,S00192,FALSE,2025-01,18,599.00,Online
ORD000192,2,C0005,2025-01-18,2025-01-18,P001,Whey Isolate - Choc,Powder,3,45.00,135.00,0,0.00,135.00,18.00,54.00,81.00,3.00,organic,Amazon,paid_search,tablet,S00192,FALSE,2025-01,18,599.00,Online
ORD000192,3,C0005,2025-01-18,2025-01-18,P005,Almond Crunch Bars,Bars,3,24.00,72.00,0,0.00,72.00,11.00,33.00,39.00,3.00,organic,Amazon,paid_search,tablet,S00192,FALSE,2025-01,18,599.00,Online
ORD000193,1,C0062,2025-04-27,2025-04-27,P004,Daily Plant Protein,Powder,1,52.00,52.00,5,2.60,49.40,20.00,20.00,29.40,0.00,first_time_customer,Shopify,organic,desktop,S00193,TRUE,2025-04,0,440.00,COD
ORD000194,1,C0145,2026-03-17,2026-03-17,P002,Dark Choc Protein Butter,Butter,3,28.00,84.00,12,10.08,73.92,21.00,63.00,10.92,0.00,easter_special,Amazon,organic,desktop,S00194,TRUE,2025-10,0,260.00,COD
ORD000194,2,C0145,2026-03-17,2026-03-17,P008,Collagen Peptides - Berry,Powder,3,58.00,174.00,12,20.88,153.12,23.00,69.00,84.12,0.00,easter_special,Amazon,organic,desktop,S00194,TRUE,2025-10,0,260.00,COD
ORD000195,1,C0032,2025-08-03,2025-08-03,P002,Dark Choc Protein Butter,Butter,2,28.00,56.00,0,0.00,56.00,21.00,42.00,14.00,10.00,organic,Amazon,paid_social,mobile,S00195,FALSE,2025-03,145,160.00,Online
ORD000196,1,C0062,2025-09-06,2025-09-06,P007,Smooth Peanut Butter,Butter,3,35.00,105.00,0,0.00,105.00,21.00,63.00,42.00,2.33,organic,Shopify,paid_search,mobile,S00196,FALSE,2025-04,150,440.00,Online
ORD000196,2,C0062,2025-09-06,2025-09-06,P010,Mega Combo Box,Kits,3,89.00,267.00,0,0.00,267.00,35.00,105.00,162.00,2.33,organic,Shopify,paid_search,mobile,S00196,FALSE,2025-04,150,440.00,Online
ORD000196,3,C0062,2025-09-06,2025-09-06,P008,Collagen Peptides - Berry,Powder,2,58.00,116.00,0,0.00,116.00,23.00,46.00,70.00,2.33,organic,Shopify,paid_search,mobile,S00196,FALSE,2025-04,150,440.00,Online
ORD000197,1,C0037,2025-02-23,2025-02-23,P003,Himalayan Salt Chips,Chips,2,12.00,24.00,0,0.00,24.00,8.00,16.00,8.00,2.33,organic,Amazon,paid_social,mobile,S00197,FALSE,2025-02,20,263.00,Online
ORD000197,2,C0037,2025-02-23,2025-02-23,P001,Whey Isolate - Choc,Powder,2,45.00,90.00,0,0.00,90.00,18.00,36.00,54.00,2.33,organic,Amazon,paid_social,mobile,S00197,FALSE,2025-02,20,263.00,Online
ORD000197,3,C0037,2025-02-23,2025-02-23,P005,Almond Crunch Bars,Bars,2,24.00,48.00,0,0.00,48.00,11.00,22.00,26.00,2.33,organic,Amazon,paid_social,mobile,S00197,FALSE,2025-02,20,263.00,Online
ORD000198,1,C0158,2026-02-04,2026-02-04,P003,Himalayan Salt Chips,Chips,2,12.00,24.00,0,0.00,24.00,8.00,16.00,8.00,0.00,first_time_customer,Amazon,organic,tablet,S00198,TRUE,2025-09,0,587.00,Online
ORD000198,2,C0158,2026-02-04,2026-02-04,P006,Trial Discovery Kit,Kits,3,65.00,195.00,0,0.00,195.00,22.00,66.00,129.00,0.00,first_time_customer,Amazon,organic,tablet,S00198,TRUE,2025-09,0,587.00,Online
ORD000199,1,C0147,2026-02-21,2026-02-21,P005,Almond Crunch Bars,Bars,1,24.00,24.00,10,2.40,21.60,11.00,11.00,10.60,4.33,first_time_customer,Amazon,paid_search,mobile,S00199,TRUE,2025-11,0,135.00,Online
ORD000199,2,C0147,2026-02-21,2026-02-21,P009,Mango Protein Smoothie,Drinks,2,18.00,36.00,10,3.60,32.40,9.00,18.00,14.40,4.33,first_time_customer,Amazon,paid_search,mobile,S00199,TRUE,2025-11,0,135.00,Online
ORD000199,3,C0147,2026-02-21,2026-02-21,P007,Smooth Peanut Butter,Butter,1,35.00,35.00,10,3.50,31.50,21.00,21.00,10.50,4.33,first_time_customer,Amazon,paid_search,mobile,S00199,TRUE,2025-11,0,135.00,Online
ORD000200,1,C0078,2025-05-02,2025-05-02,P005,Almond Crunch Bars,Bars,3,24.00,72.00,0,0.00,72.00,11.00,33.00,39.00,1.50,organic,Amazon,paid_search,desktop,S00200,FALSE,2025-04,23,260.00,Online
ORD000200,2,C0078,2025-05-02,2025-05-02,P003,Himalayan Salt Chips,Chips,1,12.00,12.00,0,0.00,12.00,8.00,8.00,4.00,1.50,organic,Amazon,paid_search,desktop,S00200,FALSE,2025-04,23,260.00,Online
ORD000201,1,C0020,2025-03-25,2025-03-25,P010,Mega Combo Box,Kits,4,89.00,356.00,12,42.72,313.28,35.00,140.00,173.28,0.00,easter_special,Amazon,organic,desktop,S00201,FALSE,2025-03,13,222.00,COD
ORD000201,2,C0020,2025-03-25,2025-03-25,P004,Daily Plant Protein,Powder,2,52.00,104.00,12,12.48,91.52,20.00,40.00,51.52,0.00,easter_special,Amazon,organic,desktop,S00201,FALSE,2025-03,13,222.00,COD
ORD000201,3,C0020,2025-03-25,2025-03-25,P006,Trial Discovery Kit,Kits,2,65.00,130.00,12,15.60,114.40,22.00,44.00,70.40,0.00,easter_special,Amazon,organic,desktop,S00201,FALSE,2025-03,13,222.00,COD
ORD000202,1,C0142,2025-10-08,2025-10-08,P003,Himalayan Salt Chips,Chips,2,12.00,24.00,22,5.28,18.72,8.00,16.00,2.72,12.67,big_billion_days,Amazon,paid_social,desktop,S00202,TRUE,2025-10,0,651.00,Online
ORD000202,2,C0142,2025-10-08,2025-10-08,P007,Smooth Peanut Butter,Butter,1,35.00,35.00,22,7.70,27.30,21.00,21.00,6.30,12.67,big_billion_days,Amazon,paid_social,desktop,S00202,TRUE,2025-10,0,651.00,Online
ORD000202,3,C0142,2025-10-08,2025-10-08,P005,Almond Crunch Bars,Bars,1,24.00,24.00,22,5.28,18.72,11.00,11.00,7.72,12.67,big_billion_days,Amazon,paid_social,desktop,S00202,TRUE,2025-10,0,651.00,Online
ORD000203,1,C0146,2025-11-30,2025-11-30,P001,Whey Isolate - Choc,Powder,4,45.00,180.00,15,27.00,153.00,18.00,72.00,81.00,16.00,black_friday,Shopify,paid_search,mobile,S00203,TRUE,2025-11,0,150.00,Online
ORD000203,2,C0146,2025-11-30,2025-11-30,P005,Almond Crunch Bars,Bars,3,24.00,72.00,15,10.80,61.20,11.00,33.00,28.20,16.00,black_friday,Shopify,paid_search,mobile,S00203,TRUE,2025-11,0,150.00,Online
ORD000204,1,C0060,2025-08-10,2025-08-10,P001,Whey Isolate - Choc,Powder,1,45.00,45.00,0,0.00,45.00,18.00,18.00,27.00,2.00,organic,Shopify,paid_social,desktop,S00204,FALSE,2025-05,85,263.00,COD
ORD000204,2,C0060,2025-08-10,2025-08-10,P007,Smooth Peanut Butter,Butter,2,35.00,70.00,0,0.00,70.00,21.00,42.00,28.00,2.00,organic,Shopify,paid_social,desktop,S00204,FALSE,2025-05,85,263.00,COD
ORD000204,3,C0060,2025-08-10,2025-08-10,P003,Himalayan Salt Chips,Chips,2,12.00,24.00,0,0.00,24.00,8.00,16.00,8.00,2.00,organic,Shopify,paid_social,desktop,S00204,FALSE,2025-05,85,263.00,COD
ORD000204,4,C0060,2025-08-10,2025-08-10,P006,Trial Discovery Kit,Kits,3,65.00,195.00,0,0.00,195.00,22.00,66.00,129.00,2.00,organic,Shopify,paid_social,desktop,S00204,FALSE,2025-05,85,263.00,COD
ORD000205,1,C0153,2026-03-31,2026-03-31,P007,Smooth Peanut Butter,Butter,2,35.00,70.00,10,7.00,63.00,21.00,42.00,21.00,0.00,easter_special,Shopify,organic,mobile,S00205,TRUE,2025-10,0,143.00,Online
ORD000205,2,C0153,2026-03-31,2026-03-31,P002,Dark Choc Protein Butter,Butter,2,28.00,56.00,10,5.60,50.40,21.00,42.00,8.40,0.00,easter_special,Shopify,organic,mobile,S00205,TRUE,2025-10,0,143.00,Online
ORD000206,1,C0064,2025-07-09,2025-07-09,P009,Mango Protein Smoothie,Drinks,3,18.00,54.00,10,5.40,48.60,9.00,27.00,21.60,12.00,prime_day,Amazon,paid_social,mobile,S00206,FALSE,2025-04,86,253.00,COD
ORD000206,2,C0064,2025-07-09,2025-07-09,P007,Smooth Peanut Butter,Butter,2,35.00,70.00,10,7.00,63.00,21.00,42.00,21.00,12.00,prime_day,Amazon,paid_social,mobile,S00206,FALSE,2025-04,86,253.00,COD
ORD000206,3,C0064,2025-07-09,2025-07-09,P003,Himalayan Salt Chips,Chips,4,12.00,48.00,10,4.80,43.20,8.00,32.00,11.20,12.00,prime_day,Amazon,paid_social,mobile,S00206,FALSE,2025-04,86,253.00,COD
ORD000207,1,C0159,2025-10-18,2025-10-18,P001,Whey Isolate - Choc,Powder,2,45.00,90.00,0,0.00,90.00,18.00,36.00,54.00,0.00,organic,Shopify,organic,mobile,S00207,TRUE,2025-10,0,190.00,COD
ORD000207,2,C0159,2025-10-18,2025-10-18,P002,Dark Choc Protein Butter,Butter,1,28.00,28.00,0,0.00,28.00,21.00,21.00,7.00,0.00,organic,Shopify,organic,mobile,S00207,TRUE,2025-10,0,190.00,COD
ORD000208,1,C0050,2025-10-10,2025-10-10,P003,Himalayan Salt Chips,Chips,1,12.00,12.00,12,1.44,10.56,8.00,8.00,2.56,0.00,big_billion_days,Amazon,organic,desktop,S00208,FALSE,2025-04,175,426.00,Online
ORD000209,1,C0161,2026-03-28,2026-03-28,P004,Daily Plant Protein,Powder,1,52.00,52.00,8,4.16,47.84,20.00,20.00,27.84,19.00,easter_special,Amazon,paid_search,mobile,S00209,TRUE,2025-12,0,135.00,Online
ORD000210,1,C0115,2025-10-15,2025-10-15,P003,Himalayan Salt Chips,Chips,1,12.00,12.00,0,0.00,12.00,8.00,8.00,4.00,0.00,organic,Amazon,paid_search,mobile,S00210,TRUE,2025-07,0,675.00,COD
ORD000210,2,C0115,2025-10-15,2025-10-15,P007,Smooth Peanut Butter,Butter,1,35.00,35.00,0,0.00,35.00,21.00,21.00,14.00,0.00,organic,Amazon,paid_search,mobile,S00210,TRUE,2025-07,0,675.00,COD
ORD000211,1,C0005,2025-01-17,2025-01-17,P004,Daily Plant Protein,Powder,3,52.00,156.00,0,0.00,156.00,20.00,60.00,96.00,0.00,organic,Amazon,organic,desktop,S00211,FALSE,2025-01,17,599.00,Online
ORD000211,2,C0005,2025-01-17,2025-01-17,P005,Almond Crunch Bars,Bars,3,24.00,72.00,0,0.00,72.00,11.00,33.00,39.00,0.00,organic,Amazon,organic,desktop,S00211,FALSE,2025-01,17,599.00,Online
ORD000211,3,C0005,2025-01-17,2025-01-17,P003,Himalayan Salt Chips,Chips,4,12.00,48.00,0,0.00,48.00,8.00,32.00,16.00,0.00,organic,Amazon,organic,desktop,S00211,FALSE,2025-01,17,599.00,Online
ORD000211,4,C0005,2025-01-17,2025-01-17,P007,Smooth Peanut Butter,Butter,2,35.00,70.00,0,0.00,70.00,21.00,42.00,28.00,0.00,organic,Amazon,organic,desktop,S00211,FALSE,2025-01,17,599.00,Online
ORD000212,1,C0044,2025-08-12,2025-08-12,P005,Almond Crunch Bars,Bars,2,24.00,48.00,0,0.00,48.00,11.00,22.00,26.00,0.00,organic,Shopify,organic,tablet,S00212,FALSE,2025-02,171,653.00,Online
ORD000213,1,C0160,2026-01-27,2026-01-27,P009,Mango Protein Smoothie,Drinks,3,18.00,54.00,10,5.40,48.60,9.00,27.00,21.60,3.00,first_time_customer,Amazon,paid_search,mobile,S00213,TRUE,2025-11,0,275.00,Online
ORD000213,2,C0160,2026-01-27,2026-01-27,P001,Whey Isolate - Choc,Powder,2,45.00,90.00,10,9.00,81.00,18.00,36.00,45.00,3.00,first_time_customer,Amazon,paid_search,mobile,S00213,TRUE,2025-11,0,275.00,Online
ORD000213,3,C0160,2026-01-27,2026-01-27,P003,Himalayan Salt Chips,Chips,3,12.00,36.00,10,3.60,32.40,8.00,24.00,8.40,3.00,first_time_customer,Amazon,paid_search,mobile,S00213,TRUE,2025-11,0,275.00,Online
ORD000214,1,C0126,2026-04-13,2026-04-13,P002,Dark Choc Protein Butter,Butter,2,28.00,56.00,0,0.00,56.00,21.00,42.00,14.00,0.00,first_time_customer,Amazon,organic,mobile,S00214,TRUE,2025-08,0,461.00,Online
ORD000214,2,C0126,2026-04-13,2026-04-13,P004,Daily Plant Protein,Powder,2,52.00,104.00,0,0.00,104.00,20.00,40.00,64.00,0.00,first_time_customer,Amazon,organic,mobile,S00214,TRUE,2025-08,0,461.00,Online
ORD000214,3,C0126,2026-04-13,2026-04-13,P009,Mango Protein Smoothie,Drinks,5,18.00,90.00,0,0.00,90.00,9.00,45.00,45.00,0.00,first_time_customer,Amazon,organic,mobile,S00214,TRUE,2025-08,0,461.00,Online
ORD000215,1,C0065,2025-04-10,2025-04-10,P001,Whey Isolate - Choc,Powder,1,45.00,45.00,0,0.00,45.00,18.00,18.00,27.00,0.00,organic,Amazon,organic,mobile,S00215,FALSE,2025-04,9,440.00,Online
ORD000216,1,C0155,2026-03-15,2026-03-15,P002,Dark Choc Protein Butter,Butter,1,28.00,28.00,10,2.80,25.20,21.00,21.00,4.20,3.50,easter_special,Amazon,paid_social,mobile,S00216,TRUE,2025-11,0,123.00,Online
ORD000216,2,C0155,2026-03-15,2026-03-15,P003,Himalayan Salt Chips,Chips,2,12.00,24.00,10,2.40,21.60,8.00,16.00,5.60,3.50,easter_special,Amazon,paid_social,mobile,S00216,TRUE,2025-11,0,123.00,Online
ORD000217,1,C0005,2025-02-15,2025-02-15,P004,Daily Plant Protein,Powder,2,52.00,104.00,5,5.20,98.80,20.00,40.00,58.80,0.00,organic,Amazon,organic,desktop,S00217,FALSE,2025-01,46,599.00,Online
ORD000217,2,C0005,2025-02-15,2025-02-15,P002,Dark Choc Protein Butter,Butter,2,28.00,56.00,5,2.80,53.20,21.00,42.00,11.20,0.00,organic,Amazon,organic,desktop,S00217,FALSE,2025-01,46,599.00,Online
ORD000217,3,C0005,2025-02-15,2025-02-15,P005,Almond Crunch Bars,Bars,3,24.00,72.00,5,3.60,68.40,11.00,33.00,35.40,0.00,organic,Amazon,organic,desktop,S00217,FALSE,2025-01,46,599.00,Online
ORD000218,1,C0157,2025-11-16,2025-11-16,P003,Himalayan Salt Chips,Chips,4,12.00,48.00,0,0.00,48.00,8.00,32.00,16.00,0.33,organic,Shopify,paid_social,mobile,S00218,TRUE,2025-11,0,148.00,Online
ORD000218,2,C0157,2025-11-16,2025-11-16,P004,Daily Plant Protein,Powder,1,52.00,52.00,0,0.00,52.00,20.00,20.00,32.00,0.33,organic,Shopify,paid_social,mobile,S00218,TRUE,2025-11,0,148.00,Online
ORD000218,3,C0157,2025-11-16,2025-11-16,P001,Whey Isolate - Choc,Powder,1,45.00,45.00,0,0.00,45.00,18.00,18.00,27.00,0.33,organic,Shopify,paid_social,mobile,S00218,TRUE,2025-11,0,148.00,Online
ORD000219,1,C0162,2026-04-05,2026-04-05,P003,Himalayan Salt Chips,Chips,3,12.00,36.00,8,2.88,33.12,8.00,24.00,9.12,0.00,easter_special,Amazon,organic,tablet,S00219,TRUE,2025-12,0,107.00,Online
ORD000219,2,C0162,2026-04-05,2026-04-05,P002,Dark Choc Protein Butter,Butter,2,28.00,56.00,8,4.48,51.52,21.00,42.00,9.52,0.00,easter_special,Amazon,organic,tablet,S00219,TRUE,2025-12,0,107.00,Online
ORD000220,1,C0037,2025-04-01,2025-04-01,P003,Himalayan Salt Chips,Chips,1,12.00,12.00,10,1.20,10.80,8.00,8.00,2.80,0.00,easter_special,Amazon,organic,mobile,S00220,FALSE,2025-02,57,263.00,Online
ORD000220,2,C0037,2025-04-01,2025-04-01,P006,Trial Discovery Kit,Kits,2,65.00,130.00,10,13.00,117.00,22.00,44.00,73.00,0.00,easter_special,Amazon,organic,mobile,S00220,FALSE,2025-02,57,263.00,Online
ORD000220,3,C0037,2025-04-01,2025-04-01,P009,Mango Protein Smoothie,Drinks,2,18.00,36.00,10,3.60,32.40,9.00,18.00,14.40,0.00,easter_special,Amazon,organic,mobile,S00220,FALSE,2025-02,57,263.00,Online
ORD000220,4,C0037,2025-04-01,2025-04-01,P004,Daily Plant Protein,Powder,2,52.00,104.00,10,10.40,93.60,20.00,40.00,53.60,0.00,easter_special,Amazon,organic,mobile,S00220,FALSE,2025-02,57,263.00,Online
ORD000221,1,C0005,2025-01-07,2025-01-07,P005,Almond Crunch Bars,Bars,4,24.00,96.00,0,0.00,96.00,11.00,44.00,52.00,4.50,organic,Shopify,paid_social,desktop,S00221,FALSE,2025-01,7,599.00,COD
ORD000221,2,C0005,2025-01-07,2025-01-07,P006,Trial Discovery Kit,Kits,3,65.00,195.00,0,0.00,195.00,22.00,66.00,129.00,4.50,organic,Shopify,paid_social,desktop,S00221,FALSE,2025-01,7,599.00,COD
ORD000222,1,C0070,2025-07-06,2025-07-06,P007,Smooth Peanut Butter,Butter,1,35.00,35.00,0,0.00,35.00,21.00,21.00,14.00,0.00,organic,Shopify,organic,tablet,S00222,FALSE,2025-04,84,171.00,Online
ORD000222,2,C0070,2025-07-06,2025-07-06,P002,Dark Choc Protein Butter,Butter,2,28.00,56.00,0,0.00,56.00,21.00,42.00,14.00,0.00,organic,Shopify,organic,tablet,S00222,FALSE,2025-04,84,171.00,Online
ORD000222,3,C0070,2025-07-06,2025-07-06,P003,Himalayan Salt Chips,Chips,3,12.00,36.00,0,0.00,36.00,8.00,24.00,12.00,0.00,organic,Shopify,organic,tablet,S00222,FALSE,2025-04,84,171.00,Online
ORD000223,1,C0172,2025-11-19,2025-11-19,P002,Dark Choc Protein Butter,Butter,2,28.00,56.00,20,11.20,44.80,21.00,42.00,2.80,54.00,black_friday,Amazon,paid_search,tablet,S00223,TRUE,2025-11,0,474.00,COD
ORD000224,1,C0171,2025-11-22,2025-11-22,P003,Himalayan Salt Chips,Chips,1,12.00,12.00,15,1.80,10.20,8.00,8.00,2.20,17.50,black_friday,Shopify,paid_search,mobile,S00224,TRUE,2025-11,0,58.00,Online
ORD000224,2,C0171,2025-11-22,2025-11-22,P002,Dark Choc Protein Butter,Butter,2,28.00,56.00,15,8.40,47.60,21.00,42.00,5.60,17.50,black_friday,Shopify,paid_search,mobile,S00224,TRUE,2025-11,0,58.00,Online
ORD000225,1,C0150,2026-04-06,2026-04-06,P008,Collagen Peptides - Berry,Powder,2,58.00,116.00,10,11.60,104.40,23.00,46.00,58.40,3.50,easter_special,Shopify,paid_social,mobile,S00225,TRUE,2025-10,0,223.00,Online
ORD000225,2,C0150,2026-04-06,2026-04-06,P004,Daily Plant Protein,Powder,3,52.00,156.00,10,15.60,140.40,20.00,60.00,80.40,3.50,easter_special,Shopify,paid_social,mobile,S00225,TRUE,2025-10,0,223.00,Online
ORD000226,1,C0035,2025-03-21,2025-03-21,P005,Almond Crunch Bars,Bars,2,24.00,48.00,10,4.80,43.20,11.00,22.00,21.20,40.00,easter_special,Shopify,paid_social,desktop,S00226,FALSE,2025-03,3,245.00,Online
ORD000227,1,C0163,2026-01-13,2026-01-13,P004,Daily Plant Protein,Powder,2,52.00,104.00,10,10.40,93.60,20.00,40.00,53.60,18.00,first_time_customer,Amazon,paid_search,desktop,S00227,TRUE,2025-12,0,119.00,Online
ORD000228,1,C0177,2025-12-23,2025-12-23,P007,Smooth Peanut Butter,Butter,2,35.00,70.00,5,3.50,66.50,21.00,42.00,24.50,35.00,first_time_customer,Amazon,paid_social,desktop,S00228,TRUE,2025-11,0,125.00,Online
ORD000229,1,C0170,2025-12-07,2025-12-07,P007,Smooth Peanut Butter,Butter,3,35.00,105.00,0,0.00,105.00,21.00,63.00,42.00,4.50,organic,Shopify,paid_social,mobile,S00229,TRUE,2025-11,0,212.00,Online
ORD000229,2,C0170,2025-12-07,2025-12-07,P002,Dark Choc Protein Butter,Butter,1,28.00,28.00,0,0.00,28.00,21.00,21.00,7.00,4.50,organic,Shopify,paid_social,mobile,S00229,TRUE,2025-11,0,212.00,Online
ORD000230,1,C0075,2025-06-10,2025-06-10,P002,Dark Choc Protein Butter,Butter,3,28.00,84.00,0,0.00,84.00,21.00,63.00,21.00,3.00,organic,Shopify,paid_search,mobile,S00230,FALSE,2025-06,2,286.00,COD
ORD000230,2,C0075,2025-06-10,2025-06-10,P005,Almond Crunch Bars,Bars,3,24.00,72.00,0,0.00,72.00,11.00,33.00,39.00,3.00,organic,Shopify,paid_search,mobile,S00230,FALSE,2025-06,2,286.00,COD
ORD000230,3,C0075,2025-06-10,2025-06-10,P009,Mango Protein Smoothie,Drinks,2,18.00,36.00,0,0.00,36.00,9.00,18.00,18.00,3.00,organic,Shopify,paid_search,mobile,S00230,FALSE,2025-06,2,286.00,COD
ORD000231,1,C0174,2026-01-29,2026-01-29,P005,Almond Crunch Bars,Bars,4,24.00,96.00,10,9.60,86.40,11.00,44.00,42.40,0.00,first_time_customer,Amazon,organic,desktop,S00231,TRUE,2025-12,0,90.00,Online
ORD000232,1,C0051,2025-11-25,2025-11-25,P001,Whey Isolate - Choc,Powder,2,45.00,90.00,25,22.50,67.50,18.00,36.00,31.50,14.33,black_friday,Amazon,paid_social,mobile,S00232,FALSE,2025-05,208,210.00,Online
ORD000232,2,C0051,2025-11-25,2025-11-25,P007,Smooth Peanut Butter,Butter,1,35.00,35.00,25,8.75,26.25,21.00,21.00,5.25,14.33,black_friday,Amazon,paid_social,mobile,S00232,FALSE,2025-05,208,210.00,Online
ORD000232,3,C0051,2025-11-25,2025-11-25,P006,Trial Discovery Kit,Kits,1,65.00,65.00,25,16.25,48.75,22.00,22.00,26.75,14.33,black_friday,Amazon,paid_social,mobile,S00232,FALSE,2025-05,208,210.00,Online
ORD000233,1,C0106,2026-03-26,2026-03-26,P003,Himalayan Salt Chips,Chips,1,12.00,12.00,8,0.96,11.04,8.00,8.00,3.04,0.00,easter_special,Amazon,organic,desktop,S00233,TRUE,2025-07,0,56.00,Online
ORD000234,1,C0117,2026-03-11,2026-03-11,P002,Dark Choc Protein Butter,Butter,2,28.00,56.00,8,4.48,51.52,21.00,42.00,9.52,0.00,easter_special,Amazon,organic,desktop,S00234,TRUE,2025-09,0,402.00,Online
ORD000235,1,C0156,2025-11-24,2025-11-24,P006,Trial Discovery Kit,Kits,2,65.00,130.00,20,26.00,104.00,22.00,44.00,60.00,42.00,black_friday,Amazon,paid_social,mobile,S00235,TRUE,2025-11,0,256.00,COD
ORD000236,1,C0184,2026-03-21,2026-03-21,P009,Mango Protein Smoothie,Drinks,2,18.00,36.00,12,4.32,31.68,9.00,18.00,13.68,0.00,easter_special,Amazon,organic,mobile,S00236,TRUE,2026-01,0,160.00,Online
ORD000236,2,C0184,2026-03-21,2026-03-21,P003,Himalayan Salt Chips,Chips,2,12.00,24.00,12,2.88,21.12,8.00,16.00,5.12,0.00,easter_special,Amazon,organic,mobile,S00236,TRUE,2026-01,0,160.00,Online
ORD000236,3,C0184,2026-03-21,2026-03-21,P005,Almond Crunch Bars,Bars,2,24.00,48.00,12,5.76,42.24,11.00,22.00,20.24,0.00,easter_special,Amazon,organic,mobile,S00236,TRUE,2026-01,0,160.00,Online
ORD000236,4,C0184,2026-03-21,2026-03-21,P008,Collagen Peptides - Berry,Powder,3,58.00,174.00,12,20.88,153.12,23.00,69.00,84.12,0.00,easter_special,Amazon,organic,mobile,S00236,TRUE,2026-01,0,160.00,Online
ORD000237,1,C0183,2026-03-10,2026-03-10,P001,Whey Isolate - Choc,Powder,1,45.00,45.00,10,4.50,40.50,18.00,18.00,22.50,0.00,easter_special,Amazon,organic,mobile,S00237,TRUE,2025-11,0,432.00,COD
ORD000238,1,C0127,2025-11-26,2025-11-26,P005,Almond Crunch Bars,Bars,2,24.00,48.00,15,7.20,40.80,11.00,22.00,18.80,47.00,black_friday,Shopify,paid_search,mobile,S00238,TRUE,2025-08,0,129.00,COD
ORD000239,1,C0181,2026-04-03,2026-04-03,P002,Dark Choc Protein Butter,Butter,4,28.00,112.00,8,8.96,103.04,21.00,84.00,19.04,0.00,easter_special,Amazon,organic,desktop,S00239,TRUE,2026-01,0,195.00,Online
ORD000239,2,C0181,2026-04-03,2026-04-03,P004,Daily Plant Protein,Powder,2,52.00,104.00,8,8.32,95.68,20.00,40.00,55.68,0.00,easter_special,Amazon,organic,desktop,S00239,TRUE,2026-01,0,195.00,Online
ORD000239,3,C0181,2026-04-03,2026-04-03,P003,Himalayan Salt Chips,Chips,3,12.00,36.00,8,2.88,33.12,8.00,24.00,9.12,0.00,easter_special,Amazon,organic,desktop,S00239,TRUE,2026-01,0,195.00,Online
ORD000240,1,C0008,2025-02-24,2025-02-24,P005,Almond Crunch Bars,Bars,2,24.00,48.00,0,0.00,48.00,11.00,22.00,26.00,0.00,organic,Amazon,organic,tablet,S00240,FALSE,2025-01,28,417.00,Online
ORD000240,2,C0008,2025-02-24,2025-02-24,P003,Himalayan Salt Chips,Chips,2,12.00,24.00,0,0.00,24.00,8.00,16.00,8.00,0.00,organic,Amazon,organic,tablet,S00240,FALSE,2025-01,28,417.00,Online
ORD000241,1,C0054,2025-09-03,2025-09-03,P010,Mega Combo Box,Kits,1,89.00,89.00,0,0.00,89.00,35.00,35.00,54.00,0.00,organic,Amazon,organic,desktop,S00241,FALSE,2025-03,184,238.00,Online
ORD000242,1,C0074,2025-10-06,2025-10-06,P001,Whey Isolate - Choc,Powder,2,45.00,90.00,22,19.80,70.20,18.00,36.00,34.20,14.50,big_billion_days,Shopify,paid_search,mobile,S00242,FALSE,2025-04,182,179.00,Online
ORD000242,2,C0074,2025-10-06,2025-10-06,P009,Mango Protein Smoothie,Drinks,5,18.00,90.00,22,19.80,70.20,9.00,45.00,25.20,14.50,big_billion_days,Shopify,paid_search,mobile,S00242,FALSE,2025-04,182,179.00,Online
ORD000242,3,C0074,2025-10-06,2025-10-06,P007,Smooth Peanut Butter,Butter,1,35.00,35.00,22,7.70,27.30,21.00,21.00,6.30,14.50,big_billion_days,Shopify,paid_search,mobile,S00242,FALSE,2025-04,182,179.00,Online
ORD000242,4,C0074,2025-10-06,2025-10-06,P006,Trial Discovery Kit,Kits,4,65.00,260.00,22,57.20,202.80,22.00,88.00,114.80,14.50,big_billion_days,Shopify,paid_search,mobile,S00242,FALSE,2025-04,182,179.00,Online
ORD000243,1,C0055,2025-10-30,2025-10-30,P002,Dark Choc Protein Butter,Butter,2,28.00,56.00,0,0.00,56.00,21.00,42.00,14.00,3.00,organic,Shopify,paid_social,mobile,S00243,FALSE,2025-05,156,277.00,Online
ORD000243,2,C0055,2025-10-30,2025-10-30,P003,Himalayan Salt Chips,Chips,3,12.00,36.00,0,0.00,36.00,8.00,24.00,12.00,3.00,organic,Shopify,paid_social,mobile,S00243,FALSE,2025-05,156,277.00,Online
ORD000244,1,C0043,2025-04-06,2025-04-06,P001,Whey Isolate - Choc,Powder,4,45.00,180.00,12,21.60,158.40,18.00,72.00,86.40,0.00,easter_special,Amazon,organic,mobile,S00244,FALSE,2025-02,51,384.00,COD
ORD000244,2,C0043,2025-04-06,2025-04-06,P008,Collagen Peptides - Berry,Powder,1,58.00,58.00,12,6.96,51.04,23.00,23.00,28.04,0.00,easter_special,Amazon,organic,mobile,S00244,FALSE,2025-02,51,384.00,COD
ORD000244,3,C0043,2025-04-06,2025-04-06,P006,Trial Discovery Kit,Kits,1,65.00,65.00,12,7.80,57.20,22.00,22.00,35.20,0.00,easter_special,Amazon,organic,mobile,S00244,FALSE,2025-02,51,384.00,COD
ORD000244,4,C0043,2025-04-06,2025-04-06,P005,Almond Crunch Bars,Bars,2,24.00,48.00,12,5.76,42.24,11.00,22.00,20.24,0.00,easter_special,Amazon,organic,mobile,S00244,FALSE,2025-02,51,384.00,COD
ORD000245,1,C0182,2025-11-30,2025-11-30,P002,Dark Choc Protein Butter,Butter,3,28.00,84.00,20,16.80,67.20,21.00,63.00,4.20,14.33,black_friday,Amazon,paid_social,tablet,S00245,TRUE,2025-11,0,247.00,COD
ORD000245,2,C0182,2025-11-30,2025-11-30,P010,Mega Combo Box,Kits,2,89.00,178.00,20,35.60,142.40,35.00,70.00,72.40,14.33,black_friday,Amazon,paid_social,tablet,S00245,TRUE,2025-11,0,247.00,COD
ORD000245,3,C0182,2025-11-30,2025-11-30,P005,Almond Crunch Bars,Bars,1,24.00,24.00,20,4.80,19.20,11.00,11.00,8.20,14.33,black_friday,Amazon,paid_social,tablet,S00245,TRUE,2025-11,0,247.00,COD
ORD000246,1,C0063,2025-09-30,2025-09-30,P003,Himalayan Salt Chips,Chips,3,12.00,36.00,0,0.00,36.00,8.00,24.00,12.00,5.50,organic,Amazon,paid_search,mobile,S00246,FALSE,2025-03,204,161.00,COD
ORD000246,2,C0063,2025-09-30,2025-09-30,P005,Almond Crunch Bars,Bars,4,24.00,96.00,0,0.00,96.00,11.00,44.00,52.00,5.50,organic,Amazon,paid_search,mobile,S00246,FALSE,2025-03,204,161.00,COD
ORD000247,1,C0059,2025-09-16,2025-09-16,P004,Daily Plant Protein,Powder,2,52.00,104.00,0,0.00,104.00,20.00,40.00,64.00,0.67,organic,Shopify,paid_search,mobile,S00247,FALSE,2025-05,135,581.00,COD
ORD000247,2,C0059,2025-09-16,2025-09-16,P009,Mango Protein Smoothie,Drinks,3,18.00,54.00,0,0.00,54.00,9.00,27.00,27.00,0.67,organic,Shopify,paid_search,mobile,S00247,FALSE,2025-05,135,581.00,COD
ORD000247,3,C0059,2025-09-16,2025-09-16,P001,Whey Isolate - Choc,Powder,2,45.00,90.00,0,0.00,90.00,18.00,36.00,54.00,0.67,organic,Shopify,paid_search,mobile,S00247,FALSE,2025-05,135,581.00,COD
ORD000248,1,C0175,2025-11-13,2025-11-13,P007,Smooth Peanut Butter,Butter,1,35.00,35.00,0,0.00,35.00,21.00,21.00,14.00,0.00,organic,Shopify,organic,desktop,S00248,TRUE,2025-11,0,430.00,COD
ORD000248,2,C0175,2025-11-13,2025-11-13,P006,Trial Discovery Kit,Kits,1,65.00,65.00,0,0.00,65.00,22.00,22.00,43.00,0.00,organic,Shopify,organic,desktop,S00248,TRUE,2025-11,0,430.00,COD
ORD000248,3,C0175,2025-11-13,2025-11-13,P001,Whey Isolate - Choc,Powder,1,45.00,45.00,0,0.00,45.00,18.00,18.00,27.00,0.00,organic,Shopify,organic,desktop,S00248,TRUE,2025-11,0,430.00,COD
ORD000249,1,C0124,2025-11-02,2025-11-02,P008,Collagen Peptides - Berry,Powder,1,58.00,58.00,5,2.90,55.10,23.00,23.00,32.10,30.00,first_time_customer,Shopify,paid_search,mobile,S00249,TRUE,2025-08,0,103.00,COD
ORD000250,1,C0165,2026-01-21,2026-01-21,P003,Himalayan Salt Chips,Chips,2,12.00,24.00,0,0.00,24.00,8.00,16.00,8.00,0.00,organic,Amazon,organic,desktop,S00250,TRUE,2025-10,0,527.00,Online
ORD000250,2,C0165,2026-01-21,2026-01-21,P001,Whey Isolate - Choc,Powder,4,45.00,180.00,0,0.00,180.00,18.00,72.00,108.00,0.00,organic,Amazon,organic,desktop,S00250,TRUE,2025-10,0,527.00,Online
ORD000251,1,C0178,2026-04-21,2026-04-21,P001,Whey Isolate - Choc,Powder,2,45.00,90.00,5,4.50,85.50,18.00,36.00,49.50,5.50,first_time_customer,Shopify,paid_social,tablet,S00251,TRUE,2026-01,0,211.00,Online
ORD000251,2,C0178,2026-04-21,2026-04-21,P004,Daily Plant Protein,Powder,1,52.00,52.00,5,2.60,49.40,20.00,20.00,29.40,5.50,first_time_customer,Shopify,paid_social,tablet,S00251,TRUE,2026-01,0,211.00,Online
ORD000252,1,C0061,2025-07-09,2025-07-09,P005,Almond Crunch Bars,Bars,1,24.00,24.00,10,2.40,21.60,11.00,11.00,10.60,19.00,prime_day,Shopify,paid_search,mobile,S00252,FALSE,2025-05,50,613.00,Online
ORD000253,1,C0058,2025-11-24,2025-11-24,P004,Daily Plant Protein,Powder,2,52.00,104.00,15,15.60,88.40,20.00,40.00,48.40,55.00,black_friday,Amazon,paid_social,mobile,S00253,FALSE,2025-04,223,227.00,Online
ORD000254,1,C0068,2025-08-07,2025-08-07,P003,Himalayan Salt Chips,Chips,2,12.00,24.00,0,0.00,24.00,8.00,16.00,8.00,5.00,organic,Shopify,paid_social,mobile,S00254,FALSE,2025-05,81,427.00,COD
ORD000254,2,C0068,2025-08-07,2025-08-07,P001,Whey Isolate - Choc,Powder,1,45.00,45.00,0,0.00,45.00,18.00,18.00,27.00,5.00,organic,Shopify,paid_social,mobile,S00254,FALSE,2025-05,81,427.00,COD
ORD000255,1,C0130,2026-04-14,2026-04-14,P001,Whey Isolate - Choc,Powder,3,45.00,135.00,0,0.00,135.00,18.00,54.00,81.00,0.00,organic,Amazon,organic,mobile,S00255,TRUE,2025-08,0,145.00,Online
ORD000255,2,C0130,2026-04-14,2026-04-14,P005,Almond Crunch Bars,Bars,3,24.00,72.00,0,0.00,72.00,11.00,33.00,39.00,0.00,organic,Amazon,organic,mobile,S00255,TRUE,2025-08,0,145.00,Online
ORD000256,1,C0028,2025-05-07,2025-05-07,P001,Whey Isolate - Choc,Powder,1,45.00,45.00,5,2.25,42.75,18.00,18.00,24.75,3.00,organic,Amazon,paid_search,tablet,S00256,FALSE,2025-03,60,375.00,Online
ORD000256,2,C0028,2025-05-07,2025-05-07,P010,Mega Combo Box,Kits,2,89.00,178.00,5,8.90,169.10,35.00,70.00,99.10,3.00,organic,Amazon,paid_search,tablet,S00256,FALSE,2025-03,60,375.00,Online
ORD000256,3,C0028,2025-05-07,2025-05-07,P007,Smooth Peanut Butter,Butter,1,35.00,35.00,5,1.75,33.25,21.00,21.00,12.25,3.00,organic,Amazon,paid_search,tablet,S00256,FALSE,2025-03,60,375.00,Online
ORD000256,4,C0028,2025-05-07,2025-05-07,P009,Mango Protein Smoothie,Drinks,1,18.00,18.00,5,0.90,17.10,9.00,9.00,8.10,3.00,organic,Amazon,paid_search,tablet,S00256,FALSE,2025-03,60,375.00,Online
ORD000257,1,C0064,2025-04-20,2025-04-20,P002,Dark Choc Protein Butter,Butter,1,28.00,28.00,0,0.00,28.00,21.00,21.00,7.00,11.00,organic,Amazon,paid_social,tablet,S00257,FALSE,2025-04,6,253.00,Online
ORD000258,1,C0006,2025-03-31,2025-03-31,P002,Dark Choc Protein Butter,Butter,4,28.00,112.00,10,11.20,100.80,21.00,84.00,16.80,0.00,easter_special,Amazon,organic,mobile,S00258,FALSE,2025-02,52,322.00,COD
ORD000259,1,C0151,2026-04-23,2026-04-23,P003,Himalayan Salt Chips,Chips,5,12.00,60.00,5,3.00,57.00,8.00,40.00,17.00,0.00,first_time_customer,Amazon,organic,mobile,S00259,TRUE,2025-09,0,434.00,COD
ORD000259,2,C0151,2026-04-23,2026-04-23,P004,Daily Plant Protein,Powder,2,52.00,104.00,5,5.20,98.80,20.00,40.00,58.80,0.00,first_time_customer,Amazon,organic,mobile,S00259,TRUE,2025-09,0,434.00,COD
ORD000260,1,C0185,2026-03-25,2026-03-25,P005,Almond Crunch Bars,Bars,2,24.00,48.00,10,4.80,43.20,11.00,22.00,21.20,0.00,easter_special,Shopify,organic,mobile,S00260,TRUE,2025-11,0,281.00,Online
ORD000260,2,C0185,2026-03-25,2026-03-25,P008,Collagen Peptides - Berry,Powder,1,58.00,58.00,10,5.80,52.20,23.00,23.00,29.20,0.00,easter_special,Shopify,organic,mobile,S00260,TRUE,2025-11,0,281.00,Online
ORD000261,1,C0083,2025-07-07,2025-07-07,P001,Whey Isolate - Choc,Powder,3,45.00,135.00,0,0.00,135.00,18.00,54.00,81.00,0.50,organic,Shopify,paid_social,desktop,S00261,FALSE,2025-06,27,236.00,Online
ORD000261,2,C0083,2025-07-07,2025-07-07,P009,Mango Protein Smoothie,Drinks,2,18.00,36.00,0,0.00,36.00,9.00,18.00,18.00,0.50,organic,Shopify,paid_social,desktop,S00261,FALSE,2025-06,27,236.00,Online
ORD000262,1,C0005,2025-01-04,2025-01-04,P008,Collagen Peptides - Berry,Powder,4,58.00,232.00,0,0.00,232.00,23.00,92.00,140.00,0.00,organic,Shopify,organic,desktop,S00262,FALSE,2025-01,4,599.00,Online
ORD000262,2,C0005,2025-01-04,2025-01-04,P001,Whey Isolate - Choc,Powder,1,45.00,45.00,0,0.00,45.00,18.00,18.00,27.00,0.00,organic,Shopify,organic,desktop,S00262,FALSE,2025-01,4,599.00,Online
ORD000262,3,C0005,2025-01-04,2025-01-04,P004,Daily Plant Protein,Powder,3,52.00,156.00,0,0.00,156.00,20.00,60.00,96.00,0.00,organic,Shopify,organic,desktop,S00262,FALSE,2025-01,4,599.00,Online
ORD000263,1,C0073,2025-08-08,2025-08-08,P005,Almond Crunch Bars,Bars,2,24.00,48.00,0,0.00,48.00,11.00,22.00,26.00,6.00,organic,Shopify,paid_social,tablet,S00263,FALSE,2025-06,49,258.00,Online
ORD000263,2,C0073,2025-08-08,2025-08-08,P003,Himalayan Salt Chips,Chips,2,12.00,24.00,0,0.00,24.00,8.00,16.00,8.00,6.00,organic,Shopify,paid_social,tablet,S00263,FALSE,2025-06,49,258.00,Online
ORD000264,1,C0173,2026-01-26,2026-01-26,P005,Almond Crunch Bars,Bars,2,24.00,48.00,0,0.00,48.00,11.00,22.00,26.00,0.00,organic,Amazon,organic,tablet,S00264,TRUE,2025-10,0,556.00,COD
ORD000264,2,C0173,2026-01-26,2026-01-26,P003,Himalayan Salt Chips,Chips,3,12.00,36.00,0,0.00,36.00,8.00,24.00,12.00,0.00,organic,Amazon,organic,tablet,S00264,TRUE,2025-10,0,556.00,COD
ORD000265,1,C0076,2025-11-11,2025-11-11,P006,Trial Discovery Kit,Kits,4,65.00,260.00,5,13.00,247.00,22.00,88.00,159.00,4.00,organic,Shopify,paid_social,desktop,S00265,FALSE,2025-04,203,243.00,Online
ORD000266,1,C0077,2025-12-03,2025-12-03,P003,Himalayan Salt Chips,Chips,2,12.00,24.00,15,3.60,20.40,8.00,16.00,4.40,17.50,black_friday,Amazon,paid_social,desktop,S00266,FALSE,2025-04,247,428.00,Online
ORD000266,2,C0077,2025-12-03,2025-12-03,P007,Smooth Peanut Butter,Butter,2,35.00,70.00,15,10.50,59.50,21.00,42.00,17.50,17.50,black_friday,Amazon,paid_social,desktop,S00266,FALSE,2025-04,247,428.00,Online
ORD000267,1,C0199,2026-02-20,2026-02-20,P003,Himalayan Salt Chips,Chips,1,12.00,12.00,10,1.20,10.80,8.00,8.00,2.80,15.00,first_time_customer,Amazon,paid_social,desktop,S00267,TRUE,2026-01,0,132.00,Online
ORD000268,1,C0014,2025-06-18,2025-06-18,P003,Himalayan Salt Chips,Chips,2,12.00,24.00,0,0.00,24.00,8.00,16.00,8.00,10.00,organic,Amazon,paid_social,mobile,S00268,FALSE,2025-01,143,364.00,Online
ORD000269,1,C0168,2025-12-30,2025-12-30,P001,Whey Isolate - Choc,Powder,5,45.00,225.00,0,0.00,225.00,18.00,90.00,135.00,4.00,organic,Shopify,paid_search,tablet,S00269,TRUE,2025-11,0,200.00,Online
ORD000270,1,C0180,2026-01-23,2026-01-23,P001,Whey Isolate - Choc,Powder,3,45.00,135.00,5,6.75,128.25,18.00,54.00,74.25,9.00,first_time_customer,Amazon,paid_social,desktop,S00270,TRUE,2026-01,0,324.00,Online
ORD000271,1,C0017,2025-02-16,2025-02-16,P010,Mega Combo Box,Kits,2,89.00,178.00,0,0.00,178.00,35.00,70.00,108.00,2.67,organic,Amazon,paid_social,desktop,S00271,FALSE,2025-02,1,377.00,COD
ORD000271,2,C0017,2025-02-16,2025-02-16,P001,Whey Isolate - Choc,Powder,2,45.00,90.00,0,0.00,90.00,18.00,36.00,54.00,2.67,organic,Amazon,paid_social,desktop,S00271,FALSE,2025-02,1,377.00,COD
ORD000271,3,C0017,2025-02-16,2025-02-16,P003,Himalayan Salt Chips,Chips,3,12.00,36.00,0,0.00,36.00,8.00,24.00,12.00,2.67,organic,Amazon,paid_social,desktop,S00271,FALSE,2025-02,1,377.00,COD
ORD000272,1,C0034,2025-06-04,2025-06-04,P004,Daily Plant Protein,Powder,3,52.00,156.00,0,0.00,156.00,20.00,60.00,96.00,9.00,organic,Amazon,paid_search,mobile,S00272,FALSE,2025-04,65,527.00,COD
ORD000273,1,C0044,2025-04-02,2025-04-02,P009,Mango Protein Smoothie,Drinks,3,18.00,54.00,10,5.40,48.60,9.00,27.00,21.60,0.00,easter_special,Shopify,organic,desktop,S00273,FALSE,2025-02,39,653.00,Online
ORD000274,1,C0003,2025-01-06,2025-01-06,P005,Almond Crunch Bars,Bars,4,24.00,96.00,0,0.00,96.00,11.00,44.00,52.00,3.00,organic,Amazon,paid_social,mobile,S00274,FALSE,2025-01,3,379.00,Online
ORD000275,1,C0010,2025-03-06,2025-03-06,P007,Smooth Peanut Butter,Butter,2,35.00,70.00,0,0.00,70.00,21.00,42.00,28.00,7.00,organic,Amazon,paid_search,tablet,S00275,FALSE,2025-02,13,135.00,Online
ORD000276,1,C0003,2025-03-11,2025-03-11,P003,Himalayan Salt Chips,Chips,2,12.00,24.00,10,2.40,21.60,8.00,16.00,5.60,0.00,easter_special,Amazon,organic,mobile,S00276,FALSE,2025-01,67,379.00,Online
ORD000277,1,C0008,2025-02-06,2025-02-06,P009,Mango Protein Smoothie,Drinks,3,18.00,54.00,0,0.00,54.00,9.00,27.00,27.00,0.00,organic,Amazon,organic,desktop,S00277,FALSE,2025-01,10,417.00,Online
ORD000277,2,C0008,2025-02-06,2025-02-06,P003,Himalayan Salt Chips,Chips,4,12.00,48.00,0,0.00,48.00,8.00,32.00,16.00,0.00,organic,Amazon,organic,desktop,S00277,FALSE,2025-01,10,417.00,Online
ORD000278,1,C0028,2025-03-20,2025-03-20,P006,Trial Discovery Kit,Kits,3,65.00,195.00,12,23.40,171.60,22.00,66.00,105.60,36.00,easter_special,Shopify,paid_social,tablet,S00278,FALSE,2025-03,12,375.00,COD
ORD000279,1,C0189,2026-04-04,2026-04-04,P009,Mango Protein Smoothie,Drinks,2,18.00,36.00,10,3.60,32.40,9.00,18.00,14.40,10.00,easter_special,Amazon,paid_search,mobile,S00279,TRUE,2026-01,0,308.00,Online
ORD000280,1,C0048,2025-03-30,2025-03-30,P007,Smooth Peanut Butter,Butter,2,35.00,70.00,12,8.40,61.60,21.00,42.00,19.60,10.50,easter_special,Amazon,paid_social,desktop,S00280,FALSE,2025-02,41,506.00,COD
ORD000280,2,C0048,2025-03-30,2025-03-30,P006,Trial Discovery Kit,Kits,1,65.00,65.00,12,7.80,57.20,22.00,22.00,35.20,10.50,easter_special,Amazon,paid_social,desktop,S00280,FALSE,2025-02,41,506.00,COD
ORD000280,3,C0048,2025-03-30,2025-03-30,P001,Whey Isolate - Choc,Powder,2,45.00,90.00,12,10.80,79.20,18.00,36.00,43.20,10.50,easter_special,Amazon,paid_social,desktop,S00280,FALSE,2025-02,41,506.00,COD
ORD000280,4,C0048,2025-03-30,2025-03-30,P005,Almond Crunch Bars,Bars,2,24.00,48.00,12,5.76,42.24,11.00,22.00,20.24,10.50,easter_special,Amazon,paid_social,desktop,S00280,FALSE,2025-02,41,506.00,COD
ORD000281,1,C0086,2025-08-01,2025-08-01,P008,Collagen Peptides - Berry,Powder,3,58.00,174.00,0,0.00,174.00,23.00,69.00,105.00,5.00,organic,Amazon,paid_social,desktop,S00281,FALSE,2025-05,73,181.00,Online
ORD000281,2,C0086,2025-08-01,2025-08-01,P001,Whey Isolate - Choc,Powder,5,45.00,225.00,0,0.00,225.00,18.00,90.00,135.00,5.00,organic,Amazon,paid_social,desktop,S00281,FALSE,2025-05,73,181.00,Online
ORD000282,1,C0179,2026-04-08,2026-04-08,P001,Whey Isolate - Choc,Powder,1,45.00,45.00,10,4.50,40.50,18.00,18.00,22.50,5.00,easter_special,Amazon,paid_social,mobile,S00282,TRUE,2026-01,0,152.00,Online
ORD000282,2,C0179,2026-04-08,2026-04-08,P006,Trial Discovery Kit,Kits,2,65.00,130.00,10,13.00,117.00,22.00,44.00,73.00,5.00,easter_special,Amazon,paid_social,mobile,S00282,TRUE,2026-01,0,152.00,Online
ORD000283,1,C0100,2025-07-13,2025-07-13,P001,Whey Isolate - Choc,Powder,2,45.00,90.00,15,13.50,76.50,18.00,36.00,40.50,7.25,prime_day,Amazon,paid_search,mobile,S00283,FALSE,2025-06,37,451.00,COD
ORD000283,2,C0100,2025-07-13,2025-07-13,P009,Mango Protein Smoothie,Drinks,1,18.00,18.00,15,2.70,15.30,9.00,9.00,6.30,7.25,prime_day,Amazon,paid_search,mobile,S00283,FALSE,2025-06,37,451.00,COD
ORD000283,3,C0100,2025-07-13,2025-07-13,P010,Mega Combo Box,Kits,3,89.00,267.00,15,40.05,226.95,35.00,105.00,121.95,7.25,prime_day,Amazon,paid_search,mobile,S00283,FALSE,2025-06,37,451.00,COD
ORD000283,4,C0100,2025-07-13,2025-07-13,P007,Smooth Peanut Butter,Butter,2,35.00,70.00,15,10.50,59.50,21.00,42.00,17.50,7.25,prime_day,Amazon,paid_search,mobile,S00283,FALSE,2025-06,37,451.00,COD
ORD000284,1,C0169,2026-01-29,2026-01-29,P006,Trial Discovery Kit,Kits,3,65.00,195.00,0,0.00,195.00,22.00,66.00,129.00,10.00,first_time_customer,Shopify,paid_search,tablet,S00284,TRUE,2025-12,0,379.00,Online
ORD000284,2,C0169,2026-01-29,2026-01-29,P005,Almond Crunch Bars,Bars,3,24.00,72.00,0,0.00,72.00,11.00,33.00,39.00,10.00,first_time_customer,Shopify,paid_search,tablet,S00284,TRUE,2025-12,0,379.00,Online
ORD000285,1,C0192,2026-01-28,2026-01-28,P001,Whey Isolate - Choc,Powder,3,45.00,135.00,5,6.75,128.25,18.00,54.00,74.25,0.00,first_time_customer,Shopify,organic,desktop,S00285,TRUE,2025-12,0,264.00,Online
ORD000285,2,C0192,2026-01-28,2026-01-28,P007,Smooth Peanut Butter,Butter,2,35.00,70.00,5,3.50,66.50,21.00,42.00,24.50,0.00,first_time_customer,Shopify,organic,desktop,S00285,TRUE,2025-12,0,264.00,Online
ORD000285,3,C0192,2026-01-28,2026-01-28,P004,Daily Plant Protein,Powder,3,52.00,156.00,5,7.80,148.20,20.00,60.00,88.20,0.00,first_time_customer,Shopify,organic,desktop,S00285,TRUE,2025-12,0,264.00,Online
ORD000286,1,C0101,2025-08-29,2025-08-29,P001,Whey Isolate - Choc,Powder,3,45.00,135.00,0,0.00,135.00,18.00,54.00,81.00,1.67,organic,Amazon,paid_social,desktop,S00286,FALSE,2025-07,56,623.00,Online
ORD000286,2,C0101,2025-08-29,2025-08-29,P005,Almond Crunch Bars,Bars,3,24.00,72.00,0,0.00,72.00,11.00,33.00,39.00,1.67,organic,Amazon,paid_social,desktop,S00286,FALSE,2025-07,56,623.00,Online
ORD000286,3,C0101,2025-08-29,2025-08-29,P009,Mango Protein Smoothie,Drinks,2,18.00,36.00,0,0.00,36.00,9.00,18.00,18.00,1.67,organic,Amazon,paid_social,desktop,S00286,FALSE,2025-07,56,623.00,Online
ORD000287,1,C0090,2025-08-27,2025-08-27,P007,Smooth Peanut Butter,Butter,1,35.00,35.00,0,0.00,35.00,21.00,21.00,14.00,12.00,organic,Shopify,paid_search,mobile,S00287,FALSE,2025-07,34,155.00,COD
ORD000288,1,C0092,2025-10-02,2025-10-02,P002,Dark Choc Protein Butter,Butter,2,28.00,56.00,0,0.00,56.00,21.00,42.00,14.00,11.00,organic,Amazon,paid_social,tablet,S00288,FALSE,2025-06,115,218.00,Online
ORD000289,1,C0088,2025-08-24,2025-08-24,P001,Whey Isolate - Choc,Powder,1,45.00,45.00,0,0.00,45.00,18.00,18.00,27.00,0.00,organic,Amazon,organic,mobile,S00289,FALSE,2025-05,90,233.00,Online
ORD000289,2,C0088,2025-08-24,2025-08-24,P007,Smooth Peanut Butter,Butter,2,35.00,70.00,0,0.00,70.00,21.00,42.00,28.00,0.00,organic,Amazon,organic,mobile,S00289,FALSE,2025-05,90,233.00,Online
ORD000290,1,C0166,2026-03-14,2026-03-14,P004,Daily Plant Protein,Powder,1,52.00,52.00,10,5.20,46.80,20.00,20.00,26.80,0.00,easter_special,Amazon,organic,desktop,S00290,TRUE,2025-11,0,219.00,Online
ORD000291,1,C0193,2026-02-12,2026-02-12,P004,Daily Plant Protein,Powder,3,52.00,156.00,0,0.00,156.00,20.00,60.00,96.00,0.00,organic,Shopify,organic,mobile,S00291,TRUE,2025-12,0,272.00,Online
ORD000291,2,C0193,2026-02-12,2026-02-12,P003,Himalayan Salt Chips,Chips,4,12.00,48.00,0,0.00,48.00,8.00,32.00,16.00,0.00,organic,Shopify,organic,mobile,S00291,TRUE,2025-12,0,272.00,Online
ORD000292,1,C0080,2025-06-15,2025-06-15,P003,Himalayan Salt Chips,Chips,1,12.00,12.00,0,0.00,12.00,8.00,8.00,4.00,0.00,organic,Amazon,organic,tablet,S00292,FALSE,2025-06,13,388.00,Online
ORD000292,2,C0080,2025-06-15,2025-06-15,P005,Almond Crunch Bars,Bars,3,24.00,72.00,0,0.00,72.00,11.00,33.00,39.00,0.00,organic,Amazon,organic,tablet,S00292,FALSE,2025-06,13,388.00,Online
ORD000292,3,C0080,2025-06-15,2025-06-15,P004,Daily Plant Protein,Powder,2,52.00,104.00,0,0.00,104.00,20.00,40.00,64.00,0.00,organic,Amazon,organic,tablet,S00292,FALSE,2025-06,13,388.00,Online
ORD000293,1,C0013,2025-01-19,2025-01-19,P010,Mega Combo Box,Kits,3,89.00,267.00,0,0.00,267.00,35.00,105.00,162.00,0.00,organic,Amazon,organic,tablet,S00293,FALSE,2025-01,19,398.00,Online
ORD000293,2,C0013,2025-01-19,2025-01-19,P005,Almond Crunch Bars,Bars,1,24.00,24.00,0,0.00,24.00,11.00,11.00,13.00,0.00,organic,Amazon,organic,tablet,S00293,FALSE,2025-01,19,398.00,Online
ORD000293,3,C0013,2025-01-19,2025-01-19,P008,Collagen Peptides - Berry,Powder,2,58.00,116.00,0,0.00,116.00,23.00,46.00,70.00,0.00,organic,Amazon,organic,tablet,S00293,FALSE,2025-01,19,398.00,Online
ORD000294,1,C0079,2025-08-26,2025-08-26,P002,Dark Choc Protein Butter,Butter,1,28.00,28.00,0,0.00,28.00,21.00,21.00,7.00,9.00,organic,Amazon,paid_social,mobile,S00294,FALSE,2025-05,110,367.00,Online
ORD000295,1,C0194,2026-04-05,2026-04-05,P005,Almond Crunch Bars,Bars,1,24.00,24.00,10,2.40,21.60,11.00,11.00,10.60,6.50,easter_special,Amazon,paid_search,mobile,S00295,TRUE,2026-02,0,282.00,COD
ORD000295,2,C0194,2026-04-05,2026-04-05,P003,Himalayan Salt Chips,Chips,2,12.00,24.00,10,2.40,21.60,8.00,16.00,5.60,6.50,easter_special,Amazon,paid_search,mobile,S00295,TRUE,2026-02,0,282.00,COD
ORD000296,1,C0098,2025-12-02,2025-12-02,P009,Mango Protein Smoothie,Drinks,2,18.00,36.00,25,9.00,27.00,9.00,18.00,9.00,9.25,black_friday,Amazon,paid_search,mobile,S00296,FALSE,2025-08,103,393.00,Online
ORD000296,2,C0098,2025-12-02,2025-12-02,P002,Dark Choc Protein Butter,Butter,1,28.00,28.00,25,7.00,21.00,21.00,21.00,0.00,9.25,black_friday,Amazon,paid_search,mobile,S00296,FALSE,2025-08,103,393.00,Online
ORD000296,3,C0098,2025-12-02,2025-12-02,P001,Whey Isolate - Choc,Powder,2,45.00,90.00,25,22.50,67.50,18.00,36.00,31.50,9.25,black_friday,Amazon,paid_search,mobile,S00296,FALSE,2025-08,103,393.00,Online
ORD000296,4,C0098,2025-12-02,2025-12-02,P005,Almond Crunch Bars,Bars,3,24.00,72.00,25,18.00,54.00,11.00,33.00,21.00,9.25,black_friday,Amazon,paid_search,mobile,S00296,FALSE,2025-08,103,393.00,Online
ORD000297,1,C0067,2025-11-01,2025-11-01,P001,Whey Isolate - Choc,Powder,3,45.00,135.00,0,0.00,135.00,18.00,54.00,81.00,12.00,organic,Amazon,paid_social,mobile,S00297,FALSE,2025-06,139,215.00,Online
ORD000298,1,C0084,2025-11-21,2025-11-21,P001,Whey Isolate - Choc,Powder,2,45.00,90.00,15,13.50,76.50,18.00,36.00,40.50,0.00,black_friday,Amazon,organic,tablet,S00298,FALSE,2025-06,160,320.00,Online
ORD000298,2,C0084,2025-11-21,2025-11-21,P002,Dark Choc Protein Butter,Butter,5,28.00,140.00,15,21.00,119.00,21.00,105.00,14.00,0.00,black_friday,Amazon,organic,tablet,S00298,FALSE,2025-06,160,320.00,Online
ORD000298,3,C0084,2025-11-21,2025-11-21,P003,Himalayan Salt Chips,Chips,3,12.00,36.00,15,5.40,30.60,8.00,24.00,6.60,0.00,black_friday,Amazon,organic,tablet,S00298,FALSE,2025-06,160,320.00,Online
ORD000299,1,C0196,2026-03-27,2026-03-27,P003,Himalayan Salt Chips,Chips,2,12.00,24.00,10,2.40,21.60,8.00,16.00,5.60,0.00,easter_special,Amazon,organic,desktop,S00299,TRUE,2025-12,0,182.00,COD
ORD000299,2,C0196,2026-03-27,2026-03-27,P001,Whey Isolate - Choc,Powder,3,45.00,135.00,10,13.50,121.50,18.00,54.00,67.50,0.00,easter_special,Amazon,organic,desktop,S00299,TRUE,2025-12,0,182.00,COD
ORD000300,1,C0066,2026-01-01,2026-01-01,P004,Daily Plant Protein,Powder,1,52.00,52.00,0,0.00,52.00,20.00,20.00,32.00,0.50,organic,Amazon,paid_social,mobile,S00300,FALSE,2025-06,203,433.00,Online
ORD000300,2,C0066,2026-01-01,2026-01-01,P005,Almond Crunch Bars,Bars,2,24.00,48.00,0,0.00,48.00,11.00,22.00,26.00,0.50,organic,Amazon,paid_social,mobile,S00300,FALSE,2025-06,203,433.00,Online
ORD000301,1,C0022,2025-03-23,2025-03-23,P004,Daily Plant Protein,Powder,2,52.00,104.00,8,8.32,95.68,20.00,40.00,55.68,0.00,easter_special,Amazon,organic,mobile,S00301,FALSE,2025-03,12,444.00,Online
ORD000302,1,C0014,2025-01-29,2025-01-29,P003,Himalayan Salt Chips,Chips,2,12.00,24.00,0,0.00,24.00,8.00,16.00,8.00,2.00,organic,Amazon,paid_search,mobile,S00302,FALSE,2025-01,3,364.00,Online
ORD000302,2,C0014,2025-01-29,2025-01-29,P005,Almond Crunch Bars,Bars,5,24.00,120.00,0,0.00,120.00,11.00,55.00,65.00,2.00,organic,Amazon,paid_search,mobile,S00302,FALSE,2025-01,3,364.00,Online
ORD000303,1,C0030,2025-02-07,2025-02-07,P003,Himalayan Salt Chips,Chips,2,12.00,24.00,0,0.00,24.00,8.00,16.00,8.00,0.00,organic,Amazon,organic,tablet,S00303,FALSE,2025-02,0,360.00,COD
ORD000304,1,C0050,2025-06-09,2025-06-09,P009,Mango Protein Smoothie,Drinks,1,18.00,18.00,0,0.00,18.00,9.00,9.00,9.00,0.00,organic,Amazon,paid_social,mobile,S00304,FALSE,2025-04,52,426.00,Online
ORD000304,2,C0050,2025-06-09,2025-06-09,P003,Himalayan Salt Chips,Chips,4,12.00,48.00,0,0.00,48.00,8.00,32.00,16.00,0.00,organic,Amazon,paid_social,mobile,S00304,FALSE,2025-04,52,426.00,Online
ORD000304,3,C0050,2025-06-09,2025-06-09,P007,Smooth Peanut Butter,Butter,1,35.00,35.00,0,0.00,35.00,21.00,21.00,14.00,0.00,organic,Amazon,paid_social,mobile,S00304,FALSE,2025-04,52,426.00,Online
ORD000305,1,C0087,2025-09-10,2025-09-10,P007,Smooth Peanut Butter,Butter,1,35.00,35.00,0,0.00,35.00,21.00,21.00,14.00,0.50,organic,Amazon,paid_social,mobile,S00305,FALSE,2025-05,115,555.00,Online
ORD000305,2,C0087,2025-09-10,2025-09-10,P001,Whey Isolate - Choc,Powder,2,45.00,90.00,0,0.00,90.00,18.00,36.00,54.00,0.50,organic,Amazon,paid_social,mobile,S00305,FALSE,2025-05,115,555.00,Online
ORD000306,1,C0108,2025-12-01,2025-12-01,P007,Smooth Peanut Butter,Butter,2,35.00,70.00,20,14.00,56.00,21.00,42.00,14.00,9.00,black_friday,Shopify,paid_search,mobile,S00306,FALSE,2025-06,176,292.00,COD
ORD000306,2,C0108,2025-12-01,2025-12-01,P005,Almond Crunch Bars,Bars,3,24.00,72.00,20,14.40,57.60,11.00,33.00,24.60,9.00,black_friday,Shopify,paid_search,mobile,S00306,FALSE,2025-06,176,292.00,COD
ORD000306,3,C0108,2025-12-01,2025-12-01,P006,Trial Discovery Kit,Kits,2,65.00,130.00,20,26.00,104.00,22.00,44.00,60.00,9.00,black_friday,Shopify,paid_search,mobile,S00306,FALSE,2025-06,176,292.00,COD
ORD000306,4,C0108,2025-12-01,2025-12-01,P009,Mango Protein Smoothie,Drinks,2,18.00,36.00,20,7.20,28.80,9.00,18.00,10.80,9.00,black_friday,Shopify,paid_search,mobile,S00306,FALSE,2025-06,176,292.00,COD
ORD000307,1,C0208,2026-03-21,2026-03-21,P006,Trial Discovery Kit,Kits,3,65.00,195.00,10,19.50,175.50,22.00,66.00,109.50,0.00,easter_special,Amazon,organic,tablet,S00307,TRUE,2026-02,0,314.00,Online
ORD000308,1,C0117,2025-11-28,2025-11-28,P008,Collagen Peptides - Berry,Powder,2,58.00,116.00,20,23.20,92.80,23.00,46.00,46.80,8.00,black_friday,Shopify,paid_search,desktop,S00308,FALSE,2025-09,85,402.00,Online
ORD000308,2,C0117,2025-11-28,2025-11-28,P001,Whey Isolate - Choc,Powder,4,45.00,180.00,20,36.00,144.00,18.00,72.00,72.00,8.00,black_friday,Shopify,paid_search,desktop,S00308,FALSE,2025-09,85,402.00,Online
ORD000308,3,C0117,2025-11-28,2025-11-28,P005,Almond Crunch Bars,Bars,5,24.00,120.00,20,24.00,96.00,11.00,55.00,41.00,8.00,black_friday,Shopify,paid_search,desktop,S00308,FALSE,2025-09,85,402.00,Online
ORD000309,1,C0025,2025-06-14,2025-06-14,P007,Smooth Peanut Butter,Butter,1,35.00,35.00,0,0.00,35.00,21.00,21.00,14.00,0.00,organic,Shopify,organic,desktop,S00309,FALSE,2025-03,79,346.00,Online
ORD000310,1,C0210,2026-04-04,2026-04-04,P003,Himalayan Salt Chips,Chips,1,12.00,12.00,10,1.20,10.80,8.00,8.00,2.80,0.00,easter_special,Shopify,organic,mobile,S00310,TRUE,2026-02,0,384.00,Online
ORD000310,2,C0210,2026-04-04,2026-04-04,P004,Daily Plant Protein,Powder,2,52.00,104.00,10,10.40,93.60,20.00,40.00,53.60,0.00,easter_special,Shopify,organic,mobile,S00310,TRUE,2026-02,0,384.00,Online
ORD000311,1,C0215,2026-01-20,2026-01-20,P001,Whey Isolate - Choc,Powder,2,45.00,90.00,5,4.50,85.50,18.00,36.00,49.50,0.00,first_time_customer,Amazon,organic,mobile,S00311,TRUE,2026-01,0,501.00,Online
ORD000311,2,C0215,2026-01-20,2026-01-20,P005,Almond Crunch Bars,Bars,2,24.00,48.00,5,2.40,45.60,11.00,22.00,23.60,0.00,first_time_customer,Amazon,organic,mobile,S00311,TRUE,2026-01,0,501.00,Online
ORD000311,3,C0215,2026-01-20,2026-01-20,P009,Mango Protein Smoothie,Drinks,4,18.00,72.00,5,3.60,68.40,9.00,36.00,32.40,0.00,first_time_customer,Amazon,organic,mobile,S00311,TRUE,2026-01,0,501.00,Online
ORD000312,1,C0056,2025-12-31,2025-12-31,P001,Whey Isolate - Choc,Powder,3,45.00,135.00,5,6.75,128.25,18.00,54.00,74.25,0.00,organic,Amazon,organic,desktop,S00312,FALSE,2025-04,261,437.00,Online
ORD000312,2,C0056,2025-12-31,2025-12-31,P003,Himalayan Salt Chips,Chips,1,12.00,12.00,5,0.60,11.40,8.00,8.00,3.40,0.00,organic,Amazon,organic,desktop,S00312,FALSE,2025-04,261,437.00,Online
ORD000312,3,C0056,2025-12-31,2025-12-31,P007,Smooth Peanut Butter,Butter,2,35.00,70.00,5,3.50,66.50,21.00,42.00,24.50,0.00,organic,Amazon,organic,desktop,S00312,FALSE,2025-04,261,437.00,Online
ORD000312,4,C0056,2025-12-31,2025-12-31,P002,Dark Choc Protein Butter,Butter,3,28.00,84.00,5,4.20,79.80,21.00,63.00,16.80,0.00,organic,Amazon,organic,desktop,S00312,FALSE,2025-04,261,437.00,Online
ORD000313,1,C0207,2026-01-28,2026-01-28,P004,Daily Plant Protein,Powder,2,52.00,104.00,5,5.20,98.80,20.00,40.00,58.80,0.00,first_time_customer,Shopify,organic,mobile,S00313,TRUE,2026-01,0,83.00,COD
ORD000314,1,C0041,2025-04-09,2025-04-09,P003,Himalayan Salt Chips,Chips,5,12.00,60.00,10,6.00,54.00,8.00,40.00,14.00,15.00,easter_special,Shopify,paid_search,desktop,S00314,FALSE,2025-04,9,435.00,Online
ORD000314,2,C0041,2025-04-09,2025-04-09,P005,Almond Crunch Bars,Bars,1,24.00,24.00,10,2.40,21.60,11.00,11.00,10.60,15.00,easter_special,Shopify,paid_search,desktop,S00314,FALSE,2025-04,9,435.00,Online
ORD000315,1,C0042,2025-06-16,2025-06-16,P005,Almond Crunch Bars,Bars,4,24.00,96.00,0,0.00,96.00,11.00,44.00,52.00,1.50,organic,Shopify,paid_search,mobile,S00315,FALSE,2025-03,88,621.00,Online
ORD000315,2,C0042,2025-06-16,2025-06-16,P004,Daily Plant Protein,Powder,2,52.00,104.00,0,0.00,104.00,20.00,40.00,64.00,1.50,organic,Shopify,paid_search,mobile,S00315,FALSE,2025-03,88,621.00,Online
ORD000315,3,C0042,2025-06-16,2025-06-16,P001,Whey Isolate - Choc,Powder,1,45.00,45.00,0,0.00,45.00,18.00,18.00,27.00,1.50,organic,Shopify,paid_search,mobile,S00315,FALSE,2025-03,88,621.00,Online
ORD000315,4,C0042,2025-06-16,2025-06-16,P010,Mega Combo Box,Kits,2,89.00,178.00,0,0.00,178.00,35.00,70.00,108.00,1.50,organic,Shopify,paid_search,mobile,S00315,FALSE,2025-03,88,621.00,Online
ORD000316,1,C0013,2025-03-02,2025-03-02,P005,Almond Crunch Bars,Bars,2,24.00,48.00,0,0.00,48.00,11.00,22.00,26.00,0.00,organic,Shopify,organic,tablet,S00316,FALSE,2025-01,61,398.00,COD
ORD000317,1,C0190,2026-03-29,2026-03-29,P004,Daily Plant Protein,Powder,2,52.00,104.00,12,12.48,91.52,20.00,40.00,51.52,0.00,easter_special,Amazon,organic,mobile,S00317,TRUE,2025-11,0,286.00,Online
ORD000318,1,C0204,2026-02-16,2026-02-16,P004,Daily Plant Protein,Powder,2,52.00,104.00,0,0.00,104.00,20.00,40.00,64.00,0.00,organic,Amazon,organic,tablet,S00318,TRUE,2026-02,0,356.00,Online
ORD000319,1,C0186,2026-04-01,2026-04-01,P003,Himalayan Salt Chips,Chips,1,12.00,12.00,10,1.20,10.80,8.00,8.00,2.80,0.00,easter_special,Shopify,organic,desktop,S00319,TRUE,2025-11,0,430.00,Online
ORD000319,2,C0186,2026-04-01,2026-04-01,P007,Smooth Peanut Butter,Butter,3,35.00,105.00,10,10.50,94.50,21.00,63.00,31.50,0.00,easter_special,Shopify,organic,desktop,S00319,TRUE,2025-11,0,430.00,Online
ORD000320,1,C0113,2025-12-04,2025-12-04,P004,Daily Plant Protein,Powder,2,52.00,104.00,20,20.80,83.20,20.00,40.00,43.20,11.00,black_friday,Amazon,paid_search,mobile,S00320,FALSE,2025-09,76,648.00,COD
ORD000320,2,C0113,2025-12-04,2025-12-04,P002,Dark Choc Protein Butter,Butter,4,28.00,112.00,20,22.40,89.60,21.00,84.00,5.60,11.00,black_friday,Amazon,paid_search,mobile,S00320,FALSE,2025-09,76,648.00,COD
ORD000321,1,C0187,2026-03-06,2026-03-06,P009,Mango Protein Smoothie,Drinks,1,18.00,18.00,0,0.00,18.00,9.00,9.00,9.00,2.50,organic,Amazon,paid_search,mobile,S00321,TRUE,2026-01,0,393.00,COD
ORD000321,2,C0187,2026-03-06,2026-03-06,P003,Himalayan Salt Chips,Chips,1,12.00,12.00,0,0.00,12.00,8.00,8.00,4.00,2.50,organic,Amazon,paid_search,mobile,S00321,TRUE,2026-01,0,393.00,COD
ORD000322,1,C0202,2026-03-11,2026-03-11,P007,Smooth Peanut Butter,Butter,3,35.00,105.00,8,8.40,96.60,21.00,63.00,33.60,0.00,easter_special,Shopify,organic,tablet,S00322,TRUE,2025-12,0,158.00,Online
ORD000322,2,C0202,2026-03-11,2026-03-11,P002,Dark Choc Protein Butter,Butter,4,28.00,112.00,8,8.96,103.04,21.00,84.00,19.04,0.00,easter_special,Shopify,organic,tablet,S00322,TRUE,2025-12,0,158.00,Online
ORD000323,1,C0126,2025-11-29,2025-11-29,P008,Collagen Peptides - Berry,Powder,2,58.00,116.00,20,23.20,92.80,23.00,46.00,46.80,0.00,black_friday,Amazon,organic,mobile,S00323,FALSE,2025-08,109,461.00,COD
ORD000323,2,C0126,2025-11-29,2025-11-29,P003,Himalayan Salt Chips,Chips,3,12.00,36.00,20,7.20,28.80,8.00,24.00,4.80,0.00,black_friday,Amazon,organic,mobile,S00323,FALSE,2025-08,109,461.00,COD
ORD000323,3,C0126,2025-11-29,2025-11-29,P001,Whey Isolate - Choc,Powder,2,45.00,90.00,20,18.00,72.00,18.00,36.00,36.00,0.00,black_friday,Amazon,organic,mobile,S00323,FALSE,2025-08,109,461.00,COD
ORD000324,1,C0104,2025-10-13,2025-10-13,P009,Mango Protein Smoothie,Drinks,2,18.00,36.00,18,6.48,29.52,9.00,18.00,11.52,33.00,big_billion_days,Amazon,paid_social,mobile,S00324,FALSE,2025-06,126,596.00,Online
ORD000325,1,C0032,2025-03-28,2025-03-28,P003,Himalayan Salt Chips,Chips,2,12.00,24.00,12,2.88,21.12,8.00,16.00,5.12,10.33,easter_special,Amazon,paid_search,tablet,S00325,FALSE,2025-03,17,160.00,Online
ORD000325,2,C0032,2025-03-28,2025-03-28,P009,Mango Protein Smoothie,Drinks,2,18.00,36.00,12,4.32,31.68,9.00,18.00,13.68,10.33,easter_special,Amazon,paid_search,tablet,S00325,FALSE,2025-03,17,160.00,Online
ORD000325,3,C0032,2025-03-28,2025-03-28,P007,Smooth Peanut Butter,Butter,4,35.00,140.00,12,16.80,123.20,21.00,84.00,39.20,10.33,easter_special,Amazon,paid_search,tablet,S00325,FALSE,2025-03,17,160.00,Online
ORD000326,1,C0195,2026-03-30,2026-03-30,P004,Daily Plant Protein,Powder,3,52.00,156.00,8,12.48,143.52,20.00,60.00,83.52,0.00,easter_special,Amazon,organic,desktop,S00326,TRUE,2026-02,0,153.00,Online
ORD000327,1,C0217,2026-03-10,2026-03-10,P002,Dark Choc Protein Butter,Butter,2,28.00,56.00,10,5.60,50.40,21.00,42.00,8.40,0.00,easter_special,Amazon,organic,mobile,S00327,TRUE,2026-01,0,117.00,COD
ORD000327,2,C0217,2026-03-10,2026-03-10,P004,Daily Plant Protein,Powder,2,52.00,104.00,10,10.40,93.60,20.00,40.00,53.60,0.00,easter_special,Amazon,organic,mobile,S00327,TRUE,2026-01,0,117.00,COD
ORD000327,3,C0217,2026-03-10,2026-03-10,P005,Almond Crunch Bars,Bars,4,24.00,96.00,10,9.60,86.40,11.00,44.00,42.40,0.00,easter_special,Amazon,organic,mobile,S00327,TRUE,2026-01,0,117.00,COD
ORD000327,4,C0217,2026-03-10,2026-03-10,P009,Mango Protein Smoothie,Drinks,2,18.00,36.00,10,3.60,32.40,9.00,18.00,14.40,0.00,easter_special,Amazon,organic,mobile,S00327,TRUE,2026-01,0,117.00,COD
ORD000328,1,C0071,2025-11-23,2025-11-23,P009,Mango Protein Smoothie,Drinks,1,18.00,18.00,20,3.60,14.40,9.00,9.00,5.40,36.00,black_friday,Amazon,paid_social,tablet,S00328,FALSE,2025-06,166,175.00,Online
ORD000329,1,C0115,2025-09-08,2025-09-08,P002,Dark Choc Protein Butter,Butter,2,28.00,56.00,0,0.00,56.00,21.00,42.00,14.00,8.00,organic,Amazon,paid_social,mobile,S00329,FALSE,2025-07,54,675.00,Online
ORD000330,1,C0218,2026-01-30,2026-01-30,P008,Collagen Peptides - Berry,Powder,4,58.00,232.00,10,23.20,208.80,23.00,92.00,116.80,0.00,first_time_customer,Amazon,organic,tablet,S00330,TRUE,2026-01,0,163.00,COD
ORD000330,2,C0218,2026-01-30,2026-01-30,P002,Dark Choc Protein Butter,Butter,2,28.00,56.00,10,5.60,50.40,21.00,42.00,8.40,0.00,first_time_customer,Amazon,organic,tablet,S00330,TRUE,2026-01,0,163.00,COD
ORD000330,3,C0218,2026-01-30,2026-01-30,P006,Trial Discovery Kit,Kits,2,65.00,130.00,10,13.00,117.00,22.00,44.00,73.00,0.00,first_time_customer,Amazon,organic,tablet,S00330,TRUE,2026-01,0,163.00,COD
ORD000331,1,C0125,2025-10-10,2025-10-10,P003,Himalayan Salt Chips,Chips,3,12.00,36.00,18,6.48,29.52,8.00,24.00,5.52,32.00,big_billion_days,Amazon,paid_social,mobile,S00331,FALSE,2025-09,40,325.00,Online
ORD000332,1,C0094,2026-01-05,2026-01-05,P003,Himalayan Salt Chips,Chips,2,12.00,24.00,0,0.00,24.00,8.00,16.00,8.00,0.00,organic,Amazon,organic,desktop,S00332,FALSE,2025-06,197,632.00,Online
ORD000333,1,C0205,2026-02-25,2026-02-25,P001,Whey Isolate - Choc,Powder,1,45.00,45.00,0,0.00,45.00,18.00,18.00,27.00,0.00,organic,Amazon,organic,desktop,S00333,TRUE,2026-02,0,173.00,COD
ORD000334,1,C0198,2026-03-21,2026-03-21,P006,Trial Discovery Kit,Kits,2,65.00,130.00,12,15.60,114.40,22.00,44.00,70.40,5.50,easter_special,Amazon,paid_search,mobile,S00334,TRUE,2026-02,0,328.00,Online
ORD000334,2,C0198,2026-03-21,2026-03-21,P004,Daily Plant Protein,Powder,3,52.00,156.00,12,18.72,137.28,20.00,60.00,77.28,5.50,easter_special,Amazon,paid_search,mobile,S00334,TRUE,2026-02,0,328.00,Online
ORD000335,1,C0017,2025-03-18,2025-03-18,P002,Dark Choc Protein Butter,Butter,5,28.00,140.00,10,14.00,126.00,21.00,105.00,21.00,20.50,easter_special,Shopify,paid_social,desktop,S00335,FALSE,2025-02,31,377.00,Online
ORD000335,2,C0017,2025-03-18,2025-03-18,P001,Whey Isolate - Choc,Powder,1,45.00,45.00,10,4.50,40.50,18.00,18.00,22.50,20.50,easter_special,Shopify,paid_social,desktop,S00335,FALSE,2025-02,31,377.00,Online
ORD000336,1,C0132,2025-11-07,2025-11-07,P009,Mango Protein Smoothie,Drinks,3,18.00,54.00,0,0.00,54.00,9.00,27.00,27.00,5.50,organic,Amazon,paid_social,desktop,S00336,FALSE,2025-10,38,144.00,COD
ORD000336,2,C0132,2025-11-07,2025-11-07,P006,Trial Discovery Kit,Kits,2,65.00,130.00,0,0.00,130.00,22.00,44.00,86.00,5.50,organic,Amazon,paid_social,desktop,S00336,FALSE,2025-10,38,144.00,COD
ORD000337,1,C0105,2025-08-09,2025-08-09,P001,Whey Isolate - Choc,Powder,3,45.00,135.00,0,0.00,135.00,18.00,54.00,81.00,0.75,organic,Amazon,paid_social,tablet,S00337,FALSE,2025-08,4,436.00,Online
ORD000337,2,C0105,2025-08-09,2025-08-09,P006,Trial Discovery Kit,Kits,1,65.00,65.00,0,0.00,65.00,22.00,22.00,43.00,0.75,organic,Amazon,paid_social,tablet,S00337,FALSE,2025-08,4,436.00,Online
ORD000337,3,C0105,2025-08-09,2025-08-09,P003,Himalayan Salt Chips,Chips,3,12.00,36.00,0,0.00,36.00,8.00,24.00,12.00,0.75,organic,Amazon,paid_social,tablet,S00337,FALSE,2025-08,4,436.00,Online
ORD000337,4,C0105,2025-08-09,2025-08-09,P005,Almond Crunch Bars,Bars,3,24.00,72.00,0,0.00,72.00,11.00,33.00,39.00,0.75,organic,Amazon,paid_social,tablet,S00337,FALSE,2025-08,4,436.00,Online
ORD000338,1,C0130,2026-01-01,2026-01-01,P001,Whey Isolate - Choc,Powder,2,45.00,90.00,0,0.00,90.00,18.00,36.00,54.00,0.00,organic,Amazon,organic,mobile,S00338,FALSE,2025-08,151,145.00,Online
ORD000338,2,C0130,2026-01-01,2026-01-01,P010,Mega Combo Box,Kits,4,89.00,356.00,0,0.00,356.00,35.00,140.00,216.00,0.00,organic,Amazon,organic,mobile,S00338,FALSE,2025-08,151,145.00,Online
ORD000338,3,C0130,2026-01-01,2026-01-01,P005,Almond Crunch Bars,Bars,1,24.00,24.00,0,0.00,24.00,11.00,11.00,13.00,0.00,organic,Amazon,organic,mobile,S00338,FALSE,2025-08,151,145.00,Online
ORD000338,4,C0130,2026-01-01,2026-01-01,P002,Dark Choc Protein Butter,Butter,2,28.00,56.00,0,0.00,56.00,21.00,42.00,14.00,0.00,organic,Amazon,organic,mobile,S00338,FALSE,2025-08,151,145.00,Online
ORD000339,1,C0222,2026-03-12,2026-03-12,P002,Dark Choc Protein Butter,Butter,1,28.00,28.00,8,2.24,25.76,21.00,21.00,4.76,0.00,easter_special,Amazon,organic,mobile,S00339,TRUE,2026-03,0,60.00,Online
ORD000339,2,C0222,2026-03-12,2026-03-12,P009,Mango Protein Smoothie,Drinks,4,18.00,72.00,8,5.76,66.24,9.00,36.00,30.24,0.00,easter_special,Amazon,organic,mobile,S00339,TRUE,2026-03,0,60.00,Online
ORD000340,1,C0065,2025-05-20,2025-05-20,P006,Trial Discovery Kit,Kits,2,65.00,130.00,0,0.00,130.00,22.00,44.00,86.00,2.75,organic,Amazon,paid_search,desktop,S00340,FALSE,2025-04,49,440.00,COD
ORD000340,2,C0065,2025-05-20,2025-05-20,P001,Whey Isolate - Choc,Powder,4,45.00,180.00,0,0.00,180.00,18.00,72.00,108.00,2.75,organic,Amazon,paid_search,desktop,S00340,FALSE,2025-04,49,440.00,COD
ORD000340,3,C0065,2025-05-20,2025-05-20,P004,Daily Plant Protein,Powder,3,52.00,156.00,0,0.00,156.00,20.00,60.00,96.00,2.75,organic,Amazon,paid_search,desktop,S00340,FALSE,2025-04,49,440.00,COD
ORD000340,4,C0065,2025-05-20,2025-05-20,P010,Mega Combo Box,Kits,3,89.00,267.00,0,0.00,267.00,35.00,105.00,162.00,2.75,organic,Amazon,paid_search,desktop,S00340,FALSE,2025-04,49,440.00,COD
ORD000341,1,C0079,2025-06-05,2025-06-05,P005,Almond Crunch Bars,Bars,3,24.00,72.00,0,0.00,72.00,11.00,33.00,39.00,0.00,organic,Shopify,organic,mobile,S00341,FALSE,2025-05,28,367.00,COD
ORD000341,2,C0079,2025-06-05,2025-06-05,P008,Collagen Peptides - Berry,Powder,3,58.00,174.00,0,0.00,174.00,23.00,69.00,105.00,0.00,organic,Shopify,organic,mobile,S00341,FALSE,2025-05,28,367.00,COD
ORD000342,1,C0209,2026-04-26,2026-04-26,P001,Whey Isolate - Choc,Powder,2,45.00,90.00,5,4.50,85.50,18.00,36.00,49.50,14.00,first_time_customer,Amazon,paid_search,desktop,S00342,TRUE,2026-03,0,128.00,COD
ORD000343,1,C0107,2025-10-07,2025-10-07,P004,Daily Plant Protein,Powder,1,52.00,52.00,18,9.36,42.64,20.00,20.00,22.64,17.50,big_billion_days,Amazon,paid_search,desktop,S00343,FALSE,2025-07,98,357.00,Online
ORD000343,2,C0107,2025-10-07,2025-10-07,P008,Collagen Peptides - Berry,Powder,2,58.00,116.00,18,20.88,95.12,23.00,46.00,49.12,17.50,big_billion_days,Amazon,paid_search,desktop,S00343,FALSE,2025-07,98,357.00,Online
ORD000344,1,C0046,2025-07-12,2025-07-12,P006,Trial Discovery Kit,Kits,2,65.00,130.00,15,19.50,110.50,22.00,44.00,66.50,11.75,prime_day,Shopify,paid_social,desktop,S00344,FALSE,2025-03,119,607.00,COD
ORD000344,2,C0046,2025-07-12,2025-07-12,P009,Mango Protein Smoothie,Drinks,3,18.00,54.00,15,8.10,45.90,9.00,27.00,18.90,11.75,prime_day,Shopify,paid_social,desktop,S00344,FALSE,2025-03,119,607.00,COD
ORD000344,3,C0046,2025-07-12,2025-07-12,P001,Whey Isolate - Choc,Powder,1,45.00,45.00,15,6.75,38.25,18.00,18.00,20.25,11.75,prime_day,Shopify,paid_social,desktop,S00344,FALSE,2025-03,119,607.00,COD
ORD000344,4,C0046,2025-07-12,2025-07-12,P005,Almond Crunch Bars,Bars,2,24.00,48.00,15,7.20,40.80,11.00,22.00,18.80,11.75,prime_day,Shopify,paid_social,desktop,S00344,FALSE,2025-03,119,607.00,COD
ORD000345,1,C0216,2026-01-17,2026-01-17,P005,Almond Crunch Bars,Bars,2,24.00,48.00,0,0.00,48.00,11.00,22.00,26.00,0.00,organic,Amazon,paid_search,tablet,S00345,TRUE,2026-01,0,244.00,COD
ORD000346,1,C0139,2025-12-03,2025-12-03,P001,Whey Isolate - Choc,Powder,3,45.00,135.00,20,27.00,108.00,18.00,54.00,54.00,55.00,black_friday,Shopify,paid_search,desktop,S00346,FALSE,2025-09,71,410.00,Online
ORD000347,1,C0081,2025-07-01,2025-07-01,P004,Daily Plant Protein,Powder,4,52.00,208.00,0,0.00,208.00,20.00,80.00,128.00,0.00,organic,Shopify,paid_search,desktop,S00347,FALSE,2025-06,28,272.00,Online
ORD000348,1,C0036,2025-03-15,2025-03-15,P001,Whey Isolate - Choc,Powder,2,45.00,90.00,8,7.20,82.80,18.00,36.00,46.80,0.00,easter_special,Shopify,organic,tablet,S00348,FALSE,2025-03,6,271.00,COD
ORD000348,2,C0036,2025-03-15,2025-03-15,P005,Almond Crunch Bars,Bars,3,24.00,72.00,8,5.76,66.24,11.00,33.00,33.24,0.00,easter_special,Shopify,organic,tablet,S00348,FALSE,2025-03,6,271.00,COD
ORD000349,1,C0233,2026-03-20,2026-03-20,P003,Himalayan Salt Chips,Chips,2,12.00,24.00,10,2.40,21.60,8.00,16.00,5.60,4.00,easter_special,Shopify,paid_search,mobile,S00349,TRUE,2026-03,0,477.00,Online
ORD000349,2,C0233,2026-03-20,2026-03-20,P004,Daily Plant Protein,Powder,4,52.00,208.00,10,20.80,187.20,20.00,80.00,107.20,4.00,easter_special,Shopify,paid_search,mobile,S00349,TRUE,2026-03,0,477.00,Online
ORD000350,1,C0200,2025-12-26,2025-12-26,P009,Mango Protein Smoothie,Drinks,3,18.00,54.00,0,0.00,54.00,9.00,27.00,27.00,0.00,organic,Amazon,organic,tablet,S00350,TRUE,2025-12,0,83.00,Online
ORD000351,1,C0191,2026-03-25,2026-03-25,P010,Mega Combo Box,Kits,4,89.00,356.00,12,42.72,313.28,35.00,140.00,173.28,0.00,easter_special,Amazon,organic,mobile,S00351,TRUE,2026-01,0,83.00,Online
ORD000352,1,C0212,2026-04-01,2026-04-01,P009,Mango Protein Smoothie,Drinks,1,18.00,18.00,8,1.44,16.56,9.00,9.00,7.56,0.00,easter_special,Shopify,organic,mobile,S00352,TRUE,2026-02,0,452.00,Online
ORD000353,1,C0022,2025-03-14,2025-03-14,P007,Smooth Peanut Butter,Butter,1,35.00,35.00,10,3.50,31.50,21.00,21.00,10.50,39.00,easter_special,Amazon,paid_social,mobile,S00353,FALSE,2025-03,3,444.00,Online
ORD000354,1,C0089,2026-01-09,2026-01-09,P008,Collagen Peptides - Berry,Powder,2,58.00,116.00,0,0.00,116.00,23.00,46.00,70.00,1.67,organic,Shopify,paid_search,desktop,S00354,FALSE,2025-07,192,369.00,COD
ORD000354,2,C0089,2026-01-09,2026-01-09,P006,Trial Discovery Kit,Kits,2,65.00,130.00,0,0.00,130.00,22.00,44.00,86.00,1.67,organic,Shopify,paid_search,desktop,S00354,FALSE,2025-07,192,369.00,COD
ORD000354,3,C0089,2026-01-09,2026-01-09,P007,Smooth Peanut Butter,Butter,2,35.00,70.00,0,0.00,70.00,21.00,42.00,28.00,1.67,organic,Shopify,paid_search,desktop,S00354,FALSE,2025-07,192,369.00,COD
ORD000355,1,C0213,2026-01-16,2026-01-16,P004,Daily Plant Protein,Powder,3,52.00,156.00,0,0.00,156.00,20.00,60.00,96.00,0.00,organic,Shopify,organic,tablet,S00355,TRUE,2026-01,0,215.00,Online
ORD000356,1,C0041,2025-04-15,2025-04-15,P001,Whey Isolate - Choc,Powder,2,45.00,90.00,0,0.00,90.00,18.00,36.00,54.00,1.00,organic,Shopify,paid_search,mobile,S00356,FALSE,2025-04,15,435.00,Online
ORD000356,2,C0041,2025-04-15,2025-04-15,P002,Dark Choc Protein Butter,Butter,2,28.00,56.00,0,0.00,56.00,21.00,42.00,14.00,1.00,organic,Shopify,paid_search,mobile,S00356,FALSE,2025-04,15,435.00,Online
ORD000356,3,C0041,2025-04-15,2025-04-15,P005,Almond Crunch Bars,Bars,4,24.00,96.00,0,0.00,96.00,11.00,44.00,52.00,1.00,organic,Shopify,paid_search,mobile,S00356,FALSE,2025-04,15,435.00,Online
ORD000356,4,C0041,2025-04-15,2025-04-15,P004,Daily Plant Protein,Powder,2,52.00,104.00,0,0.00,104.00,20.00,40.00,64.00,1.00,organic,Shopify,paid_search,mobile,S00356,FALSE,2025-04,15,435.00,Online
ORD000357,1,C0074,2025-06-02,2025-06-02,P002,Dark Choc Protein Butter,Butter,4,28.00,112.00,0,0.00,112.00,21.00,84.00,28.00,3.33,organic,Shopify,paid_search,mobile,S00357,FALSE,2025-04,56,179.00,COD
ORD000357,2,C0074,2025-06-02,2025-06-02,P003,Himalayan Salt Chips,Chips,3,12.00,36.00,0,0.00,36.00,8.00,24.00,12.00,3.33,organic,Shopify,paid_search,mobile,S00357,FALSE,2025-04,56,179.00,COD
ORD000357,3,C0074,2025-06-02,2025-06-02,P007,Smooth Peanut Butter,Butter,1,35.00,35.00,0,0.00,35.00,21.00,21.00,14.00,3.33,organic,Shopify,paid_search,mobile,S00357,FALSE,2025-04,56,179.00,COD
ORD000358,1,C0119,2025-11-27,2025-11-27,P002,Dark Choc Protein Butter,Butter,3,28.00,84.00,25,21.00,63.00,21.00,63.00,0.00,26.00,black_friday,Shopify,paid_search,mobile,S00358,FALSE,2025-07,141,160.00,Online
ORD000358,2,C0119,2025-11-27,2025-11-27,P001,Whey Isolate - Choc,Powder,2,45.00,90.00,25,22.50,67.50,18.00,36.00,31.50,26.00,black_friday,Shopify,paid_search,mobile,S00358,FALSE,2025-07,141,160.00,Online
ORD000359,1,C0110,2026-03-13,2026-03-13,P001,Whey Isolate - Choc,Powder,3,45.00,135.00,10,13.50,121.50,18.00,54.00,67.50,0.00,easter_special,Amazon,organic,mobile,S00359,FALSE,2025-06,269,312.00,Online
ORD000359,2,C0110,2026-03-13,2026-03-13,P007,Smooth Peanut Butter,Butter,2,35.00,70.00,10,7.00,63.00,21.00,42.00,21.00,0.00,easter_special,Amazon,organic,mobile,S00359,FALSE,2025-06,269,312.00,Online
ORD000359,3,C0110,2026-03-13,2026-03-13,P003,Himalayan Salt Chips,Chips,3,12.00,36.00,10,3.60,32.40,8.00,24.00,8.40,0.00,easter_special,Amazon,organic,mobile,S00359,FALSE,2025-06,269,312.00,Online
ORD000360,1,C0030,2025-02-10,2025-02-10,P006,Trial Discovery Kit,Kits,1,65.00,65.00,5,3.25,61.75,22.00,22.00,39.75,0.00,organic,Amazon,organic,mobile,S00360,FALSE,2025-02,3,360.00,COD
ORD000360,2,C0030,2025-02-10,2025-02-10,P002,Dark Choc Protein Butter,Butter,4,28.00,112.00,5,5.60,106.40,21.00,84.00,22.40,0.00,organic,Amazon,organic,mobile,S00360,FALSE,2025-02,3,360.00,COD
ORD000361,1,C0236,2026-03-16,2026-03-16,P006,Trial Discovery Kit,Kits,5,65.00,325.00,12,39.00,286.00,22.00,110.00,176.00,0.00,easter_special,Amazon,organic,desktop,S00361,TRUE,2026-03,0,554.00,Online
ORD000361,2,C0236,2026-03-16,2026-03-16,P008,Collagen Peptides - Berry,Powder,1,58.00,58.00,12,6.96,51.04,23.00,23.00,28.04,0.00,easter_special,Amazon,organic,desktop,S00361,TRUE,2026-03,0,554.00,Online
ORD000362,1,C0120,2025-10-14,2025-10-14,P007,Smooth Peanut Butter,Butter,2,35.00,70.00,12,8.40,61.60,21.00,42.00,19.60,11.00,big_billion_days,Shopify,paid_social,mobile,S00362,FALSE,2025-08,65,240.00,Online
ORD000362,2,C0120,2025-10-14,2025-10-14,P004,Daily Plant Protein,Powder,2,52.00,104.00,12,12.48,91.52,20.00,40.00,51.52,11.00,big_billion_days,Shopify,paid_social,mobile,S00362,FALSE,2025-08,65,240.00,Online
ORD000362,3,C0120,2025-10-14,2025-10-14,P008,Collagen Peptides - Berry,Powder,2,58.00,116.00,12,13.92,102.08,23.00,46.00,56.08,11.00,big_billion_days,Shopify,paid_social,mobile,S00362,FALSE,2025-08,65,240.00,Online
ORD000363,1,C0061,2025-06-13,2025-06-13,P001,Whey Isolate - Choc,Powder,3,45.00,135.00,0,0.00,135.00,18.00,54.00,81.00,6.00,organic,Shopify,paid_social,tablet,S00363,FALSE,2025-05,24,613.00,Online
ORD000363,2,C0061,2025-06-13,2025-06-13,P002,Dark Choc Protein Butter,Butter,1,28.00,28.00,0,0.00,28.00,21.00,21.00,7.00,6.00,organic,Shopify,paid_social,tablet,S00363,FALSE,2025-05,24,613.00,Online
ORD000364,1,C0046,2025-03-22,2025-03-22,P001,Whey Isolate - Choc,Powder,3,45.00,135.00,10,13.50,121.50,18.00,54.00,67.50,16.00,easter_special,Amazon,paid_search,mobile,S00364,FALSE,2025-03,7,607.00,Online
ORD000364,2,C0046,2025-03-22,2025-03-22,P003,Himalayan Salt Chips,Chips,3,12.00,36.00,10,3.60,32.40,8.00,24.00,8.40,16.00,easter_special,Amazon,paid_search,mobile,S00364,FALSE,2025-03,7,607.00,Online
ORD000365,1,C0221,2026-04-10,2026-04-10,P007,Smooth Peanut Butter,Butter,1,35.00,35.00,0,0.00,35.00,21.00,21.00,14.00,0.00,organic,Shopify,organic,mobile,S00365,TRUE,2026-03,0,138.00,COD
ORD000365,2,C0221,2026-04-10,2026-04-10,P006,Trial Discovery Kit,Kits,1,65.00,65.00,0,0.00,65.00,22.00,22.00,43.00,0.00,organic,Shopify,organic,mobile,S00365,TRUE,2026-03,0,138.00,COD
ORD000366,1,C0201,2026-04-03,2026-04-03,P004,Daily Plant Protein,Powder,4,52.00,208.00,10,20.80,187.20,20.00,80.00,107.20,0.00,easter_special,Shopify,organic,desktop,S00366,TRUE,2026-02,0,426.00,COD
ORD000366,2,C0201,2026-04-03,2026-04-03,P002,Dark Choc Protein Butter,Butter,2,28.00,56.00,10,5.60,50.40,21.00,42.00,8.40,0.00,easter_special,Shopify,organic,desktop,S00366,TRUE,2026-02,0,426.00,COD
ORD000366,3,C0201,2026-04-03,2026-04-03,P001,Whey Isolate - Choc,Powder,2,45.00,90.00,10,9.00,81.00,18.00,36.00,45.00,0.00,easter_special,Shopify,organic,desktop,S00366,TRUE,2026-02,0,426.00,COD
ORD000366,4,C0201,2026-04-03,2026-04-03,P005,Almond Crunch Bars,Bars,2,24.00,48.00,10,4.80,43.20,11.00,22.00,21.20,0.00,easter_special,Shopify,organic,desktop,S00366,TRUE,2026-02,0,426.00,COD
ORD000367,1,C0091,2025-09-25,2025-09-25,P006,Trial Discovery Kit,Kits,3,65.00,195.00,5,9.75,185.25,22.00,66.00,119.25,1.00,organic,Shopify,paid_search,mobile,S00367,FALSE,2025-06,92,180.00,Online
ORD000367,2,C0091,2025-09-25,2025-09-25,P010,Mega Combo Box,Kits,1,89.00,89.00,5,4.45,84.55,35.00,35.00,49.55,1.00,organic,Shopify,paid_search,mobile,S00367,FALSE,2025-06,92,180.00,Online
ORD000367,3,C0091,2025-09-25,2025-09-25,P001,Whey Isolate - Choc,Powder,1,45.00,45.00,5,2.25,42.75,18.00,18.00,24.75,1.00,organic,Shopify,paid_search,mobile,S00367,FALSE,2025-06,92,180.00,Online
ORD000368,1,C0045,2025-05-09,2025-05-09,P008,Collagen Peptides - Berry,Powder,3,58.00,174.00,0,0.00,174.00,23.00,69.00,105.00,4.00,organic,Amazon,paid_social,mobile,S00368,FALSE,2025-02,81,622.00,Online
ORD000368,2,C0045,2025-05-09,2025-05-09,P002,Dark Choc Protein Butter,Butter,2,28.00,56.00,0,0.00,56.00,21.00,42.00,14.00,4.00,organic,Amazon,paid_social,mobile,S00368,FALSE,2025-02,81,622.00,Online
ORD000368,3,C0045,2025-05-09,2025-05-09,P001,Whey Isolate - Choc,Powder,2,45.00,90.00,0,0.00,90.00,18.00,36.00,54.00,4.00,organic,Amazon,paid_social,mobile,S00368,FALSE,2025-02,81,622.00,Online
ORD000369,1,C0235,2026-04-22,2026-04-22,P005,Almond Crunch Bars,Bars,2,24.00,48.00,10,4.80,43.20,11.00,22.00,21.20,21.00,first_time_customer,Shopify,paid_search,desktop,S00369,TRUE,2026-03,0,87.00,Online
ORD000370,1,C0154,2025-10-13,2025-10-13,P003,Himalayan Salt Chips,Chips,2,12.00,24.00,18,4.32,19.68,8.00,16.00,3.68,21.00,big_billion_days,Amazon,paid_social,desktop,S00370,FALSE,2025-09,32,300.00,Online
ORD000370,2,C0154,2025-10-13,2025-10-13,P005,Almond Crunch Bars,Bars,2,24.00,48.00,18,8.64,39.36,11.00,22.00,17.36,21.00,big_billion_days,Amazon,paid_social,desktop,S00370,FALSE,2025-09,32,300.00,Online
ORD000371,1,C0095,2025-12-22,2025-12-22,P006,Trial Discovery Kit,Kits,1,65.00,65.00,0,0.00,65.00,22.00,22.00,43.00,3.67,organic,Shopify,paid_search,desktop,S00371,FALSE,2025-07,170,281.00,Online
ORD000371,2,C0095,2025-12-22,2025-12-22,P007,Smooth Peanut Butter,Butter,2,35.00,70.00,0,0.00,70.00,21.00,42.00,28.00,3.67,organic,Shopify,paid_search,desktop,S00371,FALSE,2025-07,170,281.00,Online
ORD000371,3,C0095,2025-12-22,2025-12-22,P001,Whey Isolate - Choc,Powder,1,45.00,45.00,0,0.00,45.00,18.00,18.00,27.00,3.67,organic,Shopify,paid_search,desktop,S00371,FALSE,2025-07,170,281.00,Online
ORD000372,1,C0048,2025-03-17,2025-03-17,P005,Almond Crunch Bars,Bars,1,24.00,24.00,12,2.88,21.12,11.00,11.00,10.12,6.33,easter_special,Amazon,paid_social,mobile,S00372,FALSE,2025-02,28,506.00,Online
ORD000372,2,C0048,2025-03-17,2025-03-17,P008,Collagen Peptides - Berry,Powder,1,58.00,58.00,12,6.96,51.04,23.00,23.00,28.04,6.33,easter_special,Amazon,paid_social,mobile,S00372,FALSE,2025-02,28,506.00,Online
ORD000372,3,C0048,2025-03-17,2025-03-17,P006,Trial Discovery Kit,Kits,3,65.00,195.00,12,23.40,171.60,22.00,66.00,105.60,6.33,easter_special,Amazon,paid_social,mobile,S00372,FALSE,2025-02,28,506.00,Online
ORD000373,1,C0017,2025-04-06,2025-04-06,P003,Himalayan Salt Chips,Chips,3,12.00,36.00,8,2.88,33.12,8.00,24.00,9.12,0.00,easter_special,Shopify,organic,desktop,S00373,FALSE,2025-02,50,377.00,Online
ORD000374,1,C0059,2025-06-28,2025-06-28,P007,Smooth Peanut Butter,Butter,1,35.00,35.00,5,1.75,33.25,21.00,21.00,12.25,3.00,organic,Shopify,paid_search,desktop,S00374,FALSE,2025-05,55,581.00,COD
ORD000374,2,C0059,2025-06-28,2025-06-28,P001,Whey Isolate - Choc,Powder,1,45.00,45.00,5,2.25,42.75,18.00,18.00,24.75,3.00,organic,Shopify,paid_search,desktop,S00374,FALSE,2025-05,55,581.00,COD
ORD000374,3,C0059,2025-06-28,2025-06-28,P005,Almond Crunch Bars,Bars,1,24.00,24.00,5,1.20,22.80,11.00,11.00,11.80,3.00,organic,Shopify,paid_search,desktop,S00374,FALSE,2025-05,55,581.00,COD
ORD000375,1,C0188,2026-03-16,2026-03-16,P005,Almond Crunch Bars,Bars,2,24.00,48.00,10,4.80,43.20,11.00,22.00,21.20,14.00,easter_special,Shopify,paid_search,desktop,S00375,TRUE,2025-12,0,151.00,Online
ORD000376,1,C0092,2025-07-19,2025-07-19,P006,Trial Discovery Kit,Kits,1,65.00,65.00,15,9.75,55.25,22.00,22.00,33.25,10.50,prime_day,Amazon,paid_social,mobile,S00376,FALSE,2025-06,40,218.00,Online
ORD000376,2,C0092,2025-07-19,2025-07-19,P005,Almond Crunch Bars,Bars,2,24.00,48.00,15,7.20,40.80,11.00,22.00,18.80,10.50,prime_day,Amazon,paid_social,mobile,S00376,FALSE,2025-06,40,218.00,Online
ORD000377,1,C0041,2025-04-26,2025-04-26,P007,Smooth Peanut Butter,Butter,3,35.00,105.00,0,0.00,105.00,21.00,63.00,42.00,1.33,organic,Shopify,paid_search,mobile,S00377,FALSE,2025-04,26,435.00,COD
ORD000377,2,C0041,2025-04-26,2025-04-26,P004,Daily Plant Protein,Powder,1,52.00,52.00,0,0.00,52.00,20.00,20.00,32.00,1.33,organic,Shopify,paid_search,mobile,S00377,FALSE,2025-04,26,435.00,COD
ORD000377,3,C0041,2025-04-26,2025-04-26,P009,Mango Protein Smoothie,Drinks,3,18.00,54.00,0,0.00,54.00,9.00,27.00,27.00,1.33,organic,Shopify,paid_search,mobile,S00377,FALSE,2025-04,26,435.00,COD
ORD000378,1,C0066,2025-09-27,2025-09-27,P003,Himalayan Salt Chips,Chips,3,12.00,36.00,5,1.80,34.20,8.00,24.00,10.20,0.25,organic,Shopify,paid_search,desktop,S00378,FALSE,2025-06,107,433.00,Online
ORD000378,2,C0066,2025-09-27,2025-09-27,P001,Whey Isolate - Choc,Powder,1,45.00,45.00,5,2.25,42.75,18.00,18.00,24.75,0.25,organic,Shopify,paid_search,desktop,S00378,FALSE,2025-06,107,433.00,Online
ORD000378,3,C0066,2025-09-27,2025-09-27,P005,Almond Crunch Bars,Bars,4,24.00,96.00,5,4.80,91.20,11.00,44.00,47.20,0.25,organic,Shopify,paid_search,desktop,S00378,FALSE,2025-06,107,433.00,Online
ORD000378,4,C0066,2025-09-27,2025-09-27,P007,Smooth Peanut Butter,Butter,2,35.00,70.00,5,3.50,66.50,21.00,42.00,24.50,0.25,organic,Shopify,paid_search,desktop,S00378,FALSE,2025-06,107,433.00,Online
ORD000379,1,C0220,2026-03-15,2026-03-15,P004,Daily Plant Protein,Powder,1,52.00,52.00,10,5.20,46.80,20.00,20.00,26.80,4.00,easter_special,Amazon,paid_search,mobile,S00379,TRUE,2026-02,0,63.00,Online
ORD000379,2,C0220,2026-03-15,2026-03-15,P002,Dark Choc Protein Butter,Butter,2,28.00,56.00,10,5.60,50.40,21.00,42.00,8.40,4.00,easter_special,Amazon,paid_search,mobile,S00379,TRUE,2026-02,0,63.00,Online
ORD000380,1,C0136,2025-10-12,2025-10-12,P001,Whey Isolate - Choc,Powder,2,45.00,90.00,18,16.20,73.80,18.00,36.00,37.80,40.00,big_billion_days,Shopify,paid_search,desktop,S00380,FALSE,2025-09,33,223.00,Online
ORD000381,1,C0103,2025-10-21,2025-10-21,P001,Whey Isolate - Choc,Powder,2,45.00,90.00,5,4.50,85.50,18.00,36.00,49.50,1.75,organic,Amazon,paid_social,mobile,S00381,FALSE,2025-08,72,134.00,COD
ORD000381,2,C0103,2025-10-21,2025-10-21,P005,Almond Crunch Bars,Bars,3,24.00,72.00,5,3.60,68.40,11.00,33.00,35.40,1.75,organic,Amazon,paid_social,mobile,S00381,FALSE,2025-08,72,134.00,COD
ORD000381,3,C0103,2025-10-21,2025-10-21,P003,Himalayan Salt Chips,Chips,1,12.00,12.00,5,0.60,11.40,8.00,8.00,3.40,1.75,organic,Amazon,paid_social,mobile,S00381,FALSE,2025-08,72,134.00,COD
ORD000381,4,C0103,2025-10-21,2025-10-21,P009,Mango Protein Smoothie,Drinks,1,18.00,18.00,5,0.90,17.10,9.00,9.00,8.10,1.75,organic,Amazon,paid_social,mobile,S00381,FALSE,2025-08,72,134.00,COD
ORD000382,1,C0164,2026-02-03,2026-02-03,P007,Smooth Peanut Butter,Butter,1,35.00,35.00,5,1.75,33.25,21.00,21.00,12.25,0.00,first_time_customer,Amazon,organic,mobile,S00382,TRUE,2025-12,0,610.00,Online
ORD000383,1,C0141,2026-03-03,2026-03-03,P001,Whey Isolate - Choc,Powder,4,45.00,180.00,0,0.00,180.00,18.00,72.00,108.00,0.00,organic,Amazon,organic,mobile,S00383,FALSE,2025-10,140,528.00,Online
ORD000383,2,C0141,2026-03-03,2026-03-03,P004,Daily Plant Protein,Powder,2,52.00,104.00,0,0.00,104.00,20.00,40.00,64.00,0.00,organic,Amazon,organic,mobile,S00383,FALSE,2025-10,140,528.00,Online
ORD000384,1,C0088,2025-07-30,2025-07-30,P006,Trial Discovery Kit,Kits,2,65.00,130.00,0,0.00,130.00,22.00,44.00,86.00,5.00,organic,Amazon,paid_social,mobile,S00384,FALSE,2025-05,65,233.00,Online
ORD000385,1,C0039,2025-04-08,2025-04-08,P003,Himalayan Salt Chips,Chips,1,12.00,12.00,10,1.20,10.80,8.00,8.00,2.80,0.00,easter_special,Amazon,organic,desktop,S00385,FALSE,2025-03,17,260.00,Online
ORD000386,1,C0102,2025-11-25,2025-11-25,P010,Mega Combo Box,Kits,3,89.00,267.00,20,53.40,213.60,35.00,105.00,108.60,51.00,black_friday,Shopify,paid_social,tablet,S00386,FALSE,2025-08,95,166.00,Online
ORD000387,1,C0121,2026-01-04,2026-01-04,P002,Dark Choc Protein Butter,Butter,3,28.00,84.00,0,0.00,84.00,21.00,63.00,21.00,2.00,organic,Shopify,paid_search,mobile,S00387,FALSE,2025-08,151,228.00,Online
ORD000388,1,C0122,2026-04-07,2026-04-07,P005,Almond Crunch Bars,Bars,3,24.00,72.00,12,8.64,63.36,11.00,33.00,30.36,13.00,easter_special,Shopify,paid_social,mobile,S00388,FALSE,2025-09,194,198.00,Online
ORD000389,1,C0150,2026-02-28,2026-02-28,P002,Dark Choc Protein Butter,Butter,1,28.00,28.00,5,1.40,26.60,21.00,21.00,5.60,0.00,organic,Shopify,organic,mobile,S00389,FALSE,2025-10,141,223.00,COD
ORD000389,2,C0150,2026-02-28,2026-02-28,P001,Whey Isolate - Choc,Powder,3,45.00,135.00,5,6.75,128.25,18.00,54.00,74.25,0.00,organic,Shopify,organic,mobile,S00389,FALSE,2025-10,141,223.00,COD
ORD000389,3,C0150,2026-02-28,2026-02-28,P003,Himalayan Salt Chips,Chips,3,12.00,36.00,5,1.80,34.20,8.00,24.00,10.20,0.00,organic,Shopify,organic,mobile,S00389,FALSE,2025-10,141,223.00,COD
ORD000389,4,C0150,2026-02-28,2026-02-28,P005,Almond Crunch Bars,Bars,1,24.00,24.00,5,1.20,22.80,11.00,11.00,11.80,0.00,organic,Shopify,organic,mobile,S00389,FALSE,2025-10,141,223.00,COD
ORD000390,1,C0142,2025-10-11,2025-10-11,P007,Smooth Peanut Butter,Butter,2,35.00,70.00,22,15.40,54.60,21.00,42.00,12.60,37.00,big_billion_days,Shopify,paid_search,tablet,S00390,FALSE,2025-10,5,651.00,COD
ORD000391,1,C0084,2025-08-06,2025-08-06,P007,Smooth Peanut Butter,Butter,2,35.00,70.00,0,0.00,70.00,21.00,42.00,28.00,1.00,organic,Amazon,paid_search,tablet,S00391,FALSE,2025-06,53,320.00,Online
ORD000391,2,C0084,2025-08-06,2025-08-06,P002,Dark Choc Protein Butter,Butter,3,28.00,84.00,0,0.00,84.00,21.00,63.00,21.00,1.00,organic,Amazon,paid_search,tablet,S00391,FALSE,2025-06,53,320.00,Online
ORD000392,1,C0145,2026-01-02,2026-01-02,P008,Collagen Peptides - Berry,Powder,1,58.00,58.00,0,0.00,58.00,23.00,23.00,35.00,1.00,organic,Amazon,paid_social,mobile,S00392,FALSE,2025-10,81,260.00,Online
ORD000393,1,C0077,2025-10-16,2025-10-16,P003,Himalayan Salt Chips,Chips,2,12.00,24.00,0,0.00,24.00,8.00,16.00,8.00,0.00,organic,Amazon,organic,tablet,S00393,FALSE,2025-04,199,428.00,Online
ORD000393,2,C0077,2025-10-16,2025-10-16,P004,Daily Plant Protein,Powder,3,52.00,156.00,0,0.00,156.00,20.00,60.00,96.00,0.00,organic,Amazon,organic,tablet,S00393,FALSE,2025-04,199,428.00,Online
ORD000393,3,C0077,2025-10-16,2025-10-16,P005,Almond Crunch Bars,Bars,1,24.00,24.00,0,0.00,24.00,11.00,11.00,13.00,0.00,organic,Amazon,organic,tablet,S00393,FALSE,2025-04,199,428.00,Online
ORD000394,1,C0044,2025-06-08,2025-06-08,P001,Whey Isolate - Choc,Powder,1,45.00,45.00,0,0.00,45.00,18.00,18.00,27.00,0.00,organic,Shopify,organic,desktop,S00394,FALSE,2025-02,106,653.00,Online
ORD000395,1,C0240,2026-03-17,2026-03-17,P007,Smooth Peanut Butter,Butter,3,35.00,105.00,8,8.40,96.60,21.00,63.00,33.60,0.00,easter_special,Shopify,organic,desktop,S00395,TRUE,2026-02,0,301.00,COD
ORD000395,2,C0240,2026-03-17,2026-03-17,P004,Daily Plant Protein,Powder,3,52.00,156.00,8,12.48,143.52,20.00,60.00,83.52,0.00,easter_special,Shopify,organic,desktop,S00395,TRUE,2026-02,0,301.00,COD
ORD000396,1,C0144,2026-03-29,2026-03-29,P001,Whey Isolate - Choc,Powder,4,45.00,180.00,8,14.40,165.60,18.00,72.00,93.60,3.50,easter_special,Amazon,paid_social,mobile,S00396,FALSE,2025-09,198,554.00,Online
ORD000396,2,C0144,2026-03-29,2026-03-29,P008,Collagen Peptides - Berry,Powder,4,58.00,232.00,8,18.56,213.44,23.00,92.00,121.44,3.50,easter_special,Amazon,paid_social,mobile,S00396,FALSE,2025-09,198,554.00,Online
ORD000397,1,C0167,2025-10-01,2025-10-01,P003,Himalayan Salt Chips,Chips,2,12.00,24.00,0,0.00,24.00,8.00,16.00,8.00,6.00,organic,Shopify,paid_search,desktop,S00397,FALSE,2025-10,0,410.00,Online
ORD000397,2,C0167,2025-10-01,2025-10-01,P001,Whey Isolate - Choc,Powder,4,45.00,180.00,0,0.00,180.00,18.00,72.00,108.00,6.00,organic,Shopify,paid_search,desktop,S00397,FALSE,2025-10,0,410.00,Online
ORD000398,1,C0160,2025-11-29,2025-11-29,P001,Whey Isolate - Choc,Powder,1,45.00,45.00,25,11.25,33.75,18.00,18.00,15.75,0.00,black_friday,Amazon,organic,mobile,S00398,FALSE,2025-11,10,275.00,Online
ORD000398,2,C0160,2025-11-29,2025-11-29,P009,Mango Protein Smoothie,Drinks,1,18.00,18.00,25,4.50,13.50,9.00,9.00,4.50,0.00,black_friday,Amazon,organic,mobile,S00398,FALSE,2025-11,10,275.00,Online
ORD000398,3,C0160,2025-11-29,2025-11-29,P004,Daily Plant Protein,Powder,1,52.00,52.00,25,13.00,39.00,20.00,20.00,19.00,0.00,black_friday,Amazon,organic,mobile,S00398,FALSE,2025-11,10,275.00,Online
ORD000399,1,C0015,2025-03-15,2025-03-15,P003,Himalayan Salt Chips,Chips,2,12.00,24.00,8,1.92,22.08,8.00,16.00,6.08,13.00,easter_special,Amazon,paid_search,mobile,S00399,FALSE,2025-02,21,334.00,Online
ORD000399,2,C0015,2025-03-15,2025-03-15,P005,Almond Crunch Bars,Bars,2,24.00,48.00,8,3.84,44.16,11.00,22.00,22.16,13.00,easter_special,Amazon,paid_search,mobile,S00399,FALSE,2025-02,21,334.00,Online
ORD000400,1,C0045,2025-04-02,2025-04-02,P006,Trial Discovery Kit,Kits,2,65.00,130.00,8,10.40,119.60,22.00,44.00,75.60,12.67,easter_special,Amazon,paid_social,mobile,S00400,FALSE,2025-02,44,622.00,Online
ORD000400,2,C0045,2025-04-02,2025-04-02,P008,Collagen Peptides - Berry,Powder,1,58.00,58.00,8,4.64,53.36,23.00,23.00,30.36,12.67,easter_special,Amazon,paid_social,mobile,S00400,FALSE,2025-02,44,622.00,Online
ORD000400,3,C0045,2025-04-02,2025-04-02,P003,Himalayan Salt Chips,Chips,2,12.00,24.00,8,1.92,22.08,8.00,16.00,6.08,12.67,easter_special,Amazon,paid_social,mobile,S00400,FALSE,2025-02,44,622.00,Online
ORD000401,1,C0080,2025-08-16,2025-08-16,P003,Himalayan Salt Chips,Chips,2,12.00,24.00,0,0.00,24.00,8.00,16.00,8.00,0.00,organic,Amazon,organic,desktop,S00401,FALSE,2025-06,75,388.00,COD
ORD000401,2,C0080,2025-08-16,2025-08-16,P007,Smooth Peanut Butter,Butter,1,35.00,35.00,0,0.00,35.00,21.00,21.00,14.00,0.00,organic,Amazon,organic,desktop,S00401,FALSE,2025-06,75,388.00,COD
ORD000402,1,C0237,2026-04-07,2026-04-07,P005,Almond Crunch Bars,Bars,2,24.00,48.00,8,3.84,44.16,11.00,22.00,22.16,0.00,easter_special,Amazon,organic,mobile,S00402,TRUE,2026-03,0,281.00,Online
ORD000403,1,C0044,2025-05-04,2025-05-04,P003,Himalayan Salt Chips,Chips,3,12.00,36.00,0,0.00,36.00,8.00,24.00,12.00,6.00,organic,Shopify,paid_social,desktop,S00403,FALSE,2025-02,71,653.00,COD
ORD000404,1,C0045,2025-03-20,2025-03-20,P004,Daily Plant Protein,Powder,3,52.00,156.00,10,15.60,140.40,20.00,60.00,80.40,0.00,easter_special,Shopify,organic,mobile,S00404,FALSE,2025-02,31,622.00,Online
ORD000405,1,C0094,2025-08-13,2025-08-13,P007,Smooth Peanut Butter,Butter,3,35.00,105.00,0,0.00,105.00,21.00,63.00,42.00,2.00,organic,Amazon,paid_social,mobile,S00405,FALSE,2025-06,52,632.00,Online
ORD000406,1,C0135,2026-03-20,2026-03-20,P001,Whey Isolate - Choc,Powder,2,45.00,90.00,8,7.20,82.80,18.00,36.00,46.80,0.00,easter_special,Amazon,organic,desktop,S00406,FALSE,2025-08,230,275.00,Online
ORD000407,1,C0052,2025-11-08,2025-11-08,P001,Whey Isolate - Choc,Powder,3,45.00,135.00,0,0.00,135.00,18.00,54.00,81.00,0.67,organic,Shopify,paid_search,desktop,S00407,FALSE,2025-04,201,278.00,COD
ORD000407,2,C0052,2025-11-08,2025-11-08,P008,Collagen Peptides - Berry,Powder,3,58.00,174.00,0,0.00,174.00,23.00,69.00,105.00,0.67,organic,Shopify,paid_search,desktop,S00407,FALSE,2025-04,201,278.00,COD
ORD000407,3,C0052,2025-11-08,2025-11-08,P004,Daily Plant Protein,Powder,3,52.00,156.00,0,0.00,156.00,20.00,60.00,96.00,0.67,organic,Shopify,paid_search,desktop,S00407,FALSE,2025-04,201,278.00,COD
ORD000408,1,C0015,2025-05-16,2025-05-16,P004,Daily Plant Protein,Powder,2,52.00,104.00,0,0.00,104.00,20.00,40.00,64.00,0.00,organic,Amazon,organic,mobile,S00408,FALSE,2025-02,83,334.00,Online
ORD000408,2,C0015,2025-05-16,2025-05-16,P001,Whey Isolate - Choc,Powder,3,45.00,135.00,0,0.00,135.00,18.00,54.00,81.00,0.00,organic,Amazon,organic,mobile,S00408,FALSE,2025-02,83,334.00,Online
ORD000408,3,C0015,2025-05-16,2025-05-16,P006,Trial Discovery Kit,Kits,5,65.00,325.00,0,0.00,325.00,22.00,110.00,215.00,0.00,organic,Amazon,organic,mobile,S00408,FALSE,2025-02,83,334.00,Online
ORD000409,1,C0219,2026-03-19,2026-03-19,P001,Whey Isolate - Choc,Powder,2,45.00,90.00,8,7.20,82.80,18.00,36.00,46.80,0.00,easter_special,Amazon,organic,mobile,S00409,TRUE,2026-03,0,221.00,Online
ORD000409,2,C0219,2026-03-19,2026-03-19,P007,Smooth Peanut Butter,Butter,1,35.00,35.00,8,2.80,32.20,21.00,21.00,11.20,0.00,easter_special,Amazon,organic,mobile,S00409,TRUE,2026-03,0,221.00,Online
ORD000410,1,C0048,2025-04-19,2025-04-19,P009,Mango Protein Smoothie,Drinks,2,18.00,36.00,0,0.00,36.00,9.00,18.00,18.00,5.50,organic,Shopify,paid_search,desktop,S00410,FALSE,2025-02,61,506.00,COD
ORD000410,2,C0048,2025-04-19,2025-04-19,P007,Smooth Peanut Butter,Butter,2,35.00,70.00,0,0.00,70.00,21.00,42.00,28.00,5.50,organic,Shopify,paid_search,desktop,S00410,FALSE,2025-02,61,506.00,COD
ORD000411,1,C0034,2025-04-01,2025-04-01,P005,Almond Crunch Bars,Bars,3,24.00,72.00,10,7.20,64.80,11.00,33.00,31.80,12.00,easter_special,Shopify,paid_social,mobile,S00411,FALSE,2025-04,1,527.00,Online
ORD000411,2,C0034,2025-04-01,2025-04-01,P007,Smooth Peanut Butter,Butter,2,35.00,70.00,10,7.00,63.00,21.00,42.00,21.00,12.00,easter_special,Shopify,paid_social,mobile,S00411,FALSE,2025-04,1,527.00,Online
ORD000411,3,C0034,2025-04-01,2025-04-01,P003,Himalayan Salt Chips,Chips,2,12.00,24.00,10,2.40,21.60,8.00,16.00,5.60,12.00,easter_special,Shopify,paid_social,mobile,S00411,FALSE,2025-04,1,527.00,Online
ORD000412,1,C0242,2026-04-02,2026-04-02,P006,Trial Discovery Kit,Kits,3,65.00,195.00,12,23.40,171.60,22.00,66.00,105.60,0.00,easter_special,Shopify,organic,mobile,S00412,TRUE,2026-04,0,181.00,Online
ORD000413,1,C0133,2025-10-13,2025-10-13,P001,Whey Isolate - Choc,Powder,3,45.00,135.00,18,24.30,110.70,18.00,54.00,56.70,14.25,big_billion_days,Amazon,paid_search,desktop,S00413,FALSE,2025-10,8,365.00,Online
ORD000413,2,C0133,2025-10-13,2025-10-13,P010,Mega Combo Box,Kits,3,89.00,267.00,18,48.06,218.94,35.00,105.00,113.94,14.25,big_billion_days,Amazon,paid_search,desktop,S00413,FALSE,2025-10,8,365.00,Online
ORD000413,3,C0133,2025-10-13,2025-10-13,P002,Dark Choc Protein Butter,Butter,5,28.00,140.00,18,25.20,114.80,21.00,105.00,9.80,14.25,big_billion_days,Amazon,paid_search,desktop,S00413,FALSE,2025-10,8,365.00,Online
ORD000413,4,C0133,2025-10-13,2025-10-13,P005,Almond Crunch Bars,Bars,3,24.00,72.00,18,12.96,59.04,11.00,33.00,26.04,14.25,big_billion_days,Amazon,paid_search,desktop,S00413,FALSE,2025-10,8,365.00,Online
ORD000414,1,C0071,2025-09-11,2025-09-11,P006,Trial Discovery Kit,Kits,2,65.00,130.00,0,0.00,130.00,22.00,44.00,86.00,0.00,organic,Amazon,organic,tablet,S00414,FALSE,2025-06,93,175.00,Online
ORD000414,2,C0071,2025-09-11,2025-09-11,P008,Collagen Peptides - Berry,Powder,2,58.00,116.00,0,0.00,116.00,23.00,46.00,70.00,0.00,organic,Amazon,organic,tablet,S00414,FALSE,2025-06,93,175.00,Online
ORD000415,1,C0049,2025-07-14,2025-07-14,P005,Almond Crunch Bars,Bars,3,24.00,72.00,15,10.80,61.20,11.00,33.00,28.20,41.00,prime_day,Amazon,paid_search,mobile,S00415,FALSE,2025-05,68,662.00,Online
ORD000416,1,C0115,2025-09-02,2025-09-02,P001,Whey Isolate - Choc,Powder,3,45.00,135.00,0,0.00,135.00,18.00,54.00,81.00,0.00,organic,Amazon,organic,mobile,S00416,FALSE,2025-07,48,675.00,Online
ORD000416,2,C0115,2025-09-02,2025-09-02,P004,Daily Plant Protein,Powder,4,52.00,208.00,0,0.00,208.00,20.00,80.00,128.00,0.00,organic,Amazon,organic,mobile,S00416,FALSE,2025-07,48,675.00,Online
ORD000417,1,C0068,2025-10-09,2025-10-09,P006,Trial Discovery Kit,Kits,2,65.00,130.00,12,15.60,114.40,22.00,44.00,70.40,51.00,big_billion_days,Amazon,paid_search,mobile,S00417,FALSE,2025-05,144,427.00,Online
ORD000418,1,C0043,2025-03-09,2025-03-09,P006,Trial Discovery Kit,Kits,2,65.00,130.00,10,13.00,117.00,22.00,44.00,73.00,0.00,easter_special,Shopify,organic,mobile,S00418,FALSE,2025-02,23,384.00,COD
ORD000419,1,C0211,2026-04-09,2026-04-09,P007,Smooth Peanut Butter,Butter,5,35.00,175.00,10,17.50,157.50,21.00,105.00,52.50,2.33,easter_special,Shopify,paid_social,tablet,S00419,TRUE,2026-03,0,375.00,Online
ORD000419,2,C0211,2026-04-09,2026-04-09,P004,Daily Plant Protein,Powder,1,52.00,52.00,10,5.20,46.80,20.00,20.00,26.80,2.33,easter_special,Shopify,paid_social,tablet,S00419,TRUE,2026-03,0,375.00,Online
ORD000419,3,C0211,2026-04-09,2026-04-09,P005,Almond Crunch Bars,Bars,1,24.00,24.00,10,2.40,21.60,11.00,11.00,10.60,2.33,easter_special,Shopify,paid_social,tablet,S00419,TRUE,2026-03,0,375.00,Online
ORD000420,1,C0030,2025-03-12,2025-03-12,P002,Dark Choc Protein Butter,Butter,4,28.00,112.00,10,11.20,100.80,21.00,84.00,16.80,20.50,easter_special,Amazon,paid_social,mobile,S00420,FALSE,2025-02,33,360.00,Online
ORD000420,2,C0030,2025-03-12,2025-03-12,P006,Trial Discovery Kit,Kits,3,65.00,195.00,10,19.50,175.50,22.00,66.00,109.50,20.50,easter_special,Amazon,paid_social,mobile,S00420,FALSE,2025-02,33,360.00,Online
ORD000421,1,C0158,2025-12-24,2025-12-24,P004,Daily Plant Protein,Powder,3,52.00,156.00,0,0.00,156.00,20.00,60.00,96.00,0.00,organic,Amazon,organic,desktop,S00421,FALSE,2025-09,100,587.00,Online
ORD000422,1,C0119,2025-08-22,2025-08-22,P001,Whey Isolate - Choc,Powder,3,45.00,135.00,0,0.00,135.00,18.00,54.00,81.00,0.00,organic,Shopify,organic,mobile,S00422,FALSE,2025-07,44,160.00,Online
ORD000422,2,C0119,2025-08-22,2025-08-22,P008,Collagen Peptides - Berry,Powder,1,58.00,58.00,0,0.00,58.00,23.00,23.00,35.00,0.00,organic,Shopify,organic,mobile,S00422,FALSE,2025-07,44,160.00,Online
ORD000423,1,C0098,2025-09-07,2025-09-07,P005,Almond Crunch Bars,Bars,1,24.00,24.00,5,1.20,22.80,11.00,11.00,11.80,0.00,organic,Shopify,organic,mobile,S00423,FALSE,2025-08,17,393.00,Online
ORD000423,2,C0098,2025-09-07,2025-09-07,P001,Whey Isolate - Choc,Powder,2,45.00,90.00,5,4.50,85.50,18.00,36.00,49.50,0.00,organic,Shopify,organic,mobile,S00423,FALSE,2025-08,17,393.00,Online
ORD000423,3,C0098,2025-09-07,2025-09-07,P003,Himalayan Salt Chips,Chips,2,12.00,24.00,5,1.20,22.80,8.00,16.00,6.80,0.00,organic,Shopify,organic,mobile,S00423,FALSE,2025-08,17,393.00,Online
ORD000424,1,C0030,2025-03-18,2025-03-18,P001,Whey Isolate - Choc,Powder,1,45.00,45.00,10,4.50,40.50,18.00,18.00,22.50,0.00,easter_special,Amazon,organic,mobile,S00424,FALSE,2025-02,39,360.00,Online
ORD000424,2,C0030,2025-03-18,2025-03-18,P002,Dark Choc Protein Butter,Butter,3,28.00,84.00,10,8.40,75.60,21.00,63.00,12.60,0.00,easter_special,Amazon,organic,mobile,S00424,FALSE,2025-02,39,360.00,Online
ORD000424,3,C0030,2025-03-18,2025-03-18,P008,Collagen Peptides - Berry,Powder,3,58.00,174.00,10,17.40,156.60,23.00,69.00,87.60,0.00,easter_special,Amazon,organic,mobile,S00424,FALSE,2025-02,39,360.00,Online
ORD000424,4,C0030,2025-03-18,2025-03-18,P005,Almond Crunch Bars,Bars,5,24.00,120.00,10,12.00,108.00,11.00,55.00,53.00,0.00,easter_special,Amazon,organic,mobile,S00424,FALSE,2025-02,39,360.00,Online
ORD000425,1,C0062,2025-05-01,2025-05-01,P006,Trial Discovery Kit,Kits,1,65.00,65.00,0,0.00,65.00,22.00,22.00,43.00,0.67,organic,Shopify,paid_social,mobile,S00425,FALSE,2025-04,22,440.00,Online
ORD000425,2,C0062,2025-05-01,2025-05-01,P003,Himalayan Salt Chips,Chips,3,12.00,36.00,0,0.00,36.00,8.00,24.00,12.00,0.67,organic,Shopify,paid_social,mobile,S00425,FALSE,2025-04,22,440.00,Online
ORD000425,3,C0062,2025-05-01,2025-05-01,P004,Daily Plant Protein,Powder,1,52.00,52.00,0,0.00,52.00,20.00,20.00,32.00,0.67,organic,Shopify,paid_social,mobile,S00425,FALSE,2025-04,22,440.00,Online
ORD000426,1,C0077,2025-04-30,2025-04-30,P003,Himalayan Salt Chips,Chips,1,12.00,12.00,0,0.00,12.00,8.00,8.00,4.00,0.00,organic,Amazon,paid_social,mobile,S00426,FALSE,2025-04,30,428.00,COD
ORD000426,2,C0077,2025-04-30,2025-04-30,P006,Trial Discovery Kit,Kits,1,65.00,65.00,0,0.00,65.00,22.00,22.00,43.00,0.00,organic,Amazon,paid_social,mobile,S00426,FALSE,2025-04,30,428.00,COD
ORD000426,3,C0077,2025-04-30,2025-04-30,P005,Almond Crunch Bars,Bars,4,24.00,96.00,0,0.00,96.00,11.00,44.00,52.00,0.00,organic,Amazon,paid_social,mobile,S00426,FALSE,2025-04,30,428.00,COD
ORD000427,1,C0110,2025-07-15,2025-07-15,P010,Mega Combo Box,Kits,2,89.00,178.00,10,17.80,160.20,35.00,70.00,90.20,15.00,prime_day,Shopify,paid_search,mobile,S00427,FALSE,2025-06,28,312.00,Online
ORD000427,2,C0110,2025-07-15,2025-07-15,P004,Daily Plant Protein,Powder,1,52.00,52.00,10,5.20,46.80,20.00,20.00,26.80,15.00,prime_day,Shopify,paid_search,mobile,S00427,FALSE,2025-06,28,312.00,Online
ORD000428,1,C0048,2025-03-04,2025-03-04,P007,Smooth Peanut Butter,Butter,1,35.00,35.00,0,0.00,35.00,21.00,21.00,14.00,4.50,organic,Amazon,paid_social,desktop,S00428,FALSE,2025-02,15,506.00,Online
ORD000428,2,C0048,2025-03-04,2025-03-04,P001,Whey Isolate - Choc,Powder,2,45.00,90.00,0,0.00,90.00,18.00,36.00,54.00,4.50,organic,Amazon,paid_social,desktop,S00428,FALSE,2025-02,15,506.00,Online
ORD000429,1,C0153,2025-11-25,2025-11-25,P003,Himalayan Salt Chips,Chips,3,12.00,36.00,20,7.20,28.80,8.00,24.00,4.80,23.00,black_friday,Shopify,paid_social,mobile,S00429,FALSE,2025-10,39,143.00,Online
ORD000429,2,C0153,2025-11-25,2025-11-25,P007,Smooth Peanut Butter,Butter,2,35.00,70.00,20,14.00,56.00,21.00,42.00,14.00,23.00,black_friday,Shopify,paid_social,mobile,S00429,FALSE,2025-10,39,143.00,Online
ORD000430,1,C0082,2026-02-24,2026-02-24,P003,Himalayan Salt Chips,Chips,1,12.00,12.00,0,0.00,12.00,8.00,8.00,4.00,1.67,organic,Amazon,paid_social,desktop,S00430,FALSE,2025-06,245,279.00,Online
ORD000430,2,C0082,2026-02-24,2026-02-24,P009,Mango Protein Smoothie,Drinks,3,18.00,54.00,0,0.00,54.00,9.00,27.00,27.00,1.67,organic,Amazon,paid_social,desktop,S00430,FALSE,2025-06,245,279.00,Online
ORD000430,3,C0082,2026-02-24,2026-02-24,P004,Daily Plant Protein,Powder,3,52.00,156.00,0,0.00,156.00,20.00,60.00,96.00,1.67,organic,Amazon,paid_social,desktop,S00430,FALSE,2025-06,245,279.00,Online
ORD000431,1,C0159,2025-10-14,2025-10-14,P002,Dark Choc Protein Butter,Butter,1,28.00,28.00,22,6.16,21.84,21.00,21.00,0.84,28.00,big_billion_days,Shopify,paid_search,mobile,S00431,FALSE,2025-10,11,190.00,Online
ORD000432,1,C0089,2025-11-05,2025-11-05,P002,Dark Choc Protein Butter,Butter,5,28.00,140.00,0,0.00,140.00,21.00,105.00,35.00,2.00,organic,Shopify,paid_search,desktop,S00432,FALSE,2025-07,127,369.00,Online
ORD000433,1,C0012,2025-04-17,2025-04-17,P006,Trial Discovery Kit,Kits,3,65.00,195.00,0,0.00,195.00,22.00,66.00,129.00,0.00,organic,Shopify,organic,desktop,S00433,FALSE,2025-02,64,321.00,Online
ORD000433,2,C0012,2025-04-17,2025-04-17,P001,Whey Isolate - Choc,Powder,2,45.00,90.00,0,0.00,90.00,18.00,36.00,54.00,0.00,organic,Shopify,organic,desktop,S00433,FALSE,2025-02,64,321.00,Online
ORD000433,3,C0012,2025-04-17,2025-04-17,P005,Almond Crunch Bars,Bars,2,24.00,48.00,0,0.00,48.00,11.00,22.00,26.00,0.00,organic,Shopify,organic,desktop,S00433,FALSE,2025-02,64,321.00,Online
ORD000433,4,C0012,2025-04-17,2025-04-17,P010,Mega Combo Box,Kits,2,89.00,178.00,0,0.00,178.00,35.00,70.00,108.00,0.00,organic,Shopify,organic,desktop,S00433,FALSE,2025-02,64,321.00,Online
ORD000434,1,C0224,2026-04-08,2026-04-08,P009,Mango Protein Smoothie,Drinks,5,18.00,90.00,10,9.00,81.00,9.00,45.00,36.00,0.00,easter_special,Amazon,organic,mobile,S00434,TRUE,2026-03,0,166.00,Online
ORD000434,2,C0224,2026-04-08,2026-04-08,P002,Dark Choc Protein Butter,Butter,1,28.00,28.00,10,2.80,25.20,21.00,21.00,4.20,0.00,easter_special,Amazon,organic,mobile,S00434,TRUE,2026-03,0,166.00,Online
ORD000435,1,C0149,2026-02-10,2026-02-10,P005,Almond Crunch Bars,Bars,3,24.00,72.00,0,0.00,72.00,11.00,33.00,39.00,0.00,organic,Amazon,organic,mobile,S00435,FALSE,2025-11,89,424.00,Online
ORD000436,1,C0151,2025-10-25,2025-10-25,P001,Whey Isolate - Choc,Powder,2,45.00,90.00,0,0.00,90.00,18.00,36.00,54.00,1.00,organic,Amazon,paid_social,mobile,S00436,FALSE,2025-09,45,434.00,Online
ORD000437,1,C0172,2026-01-08,2026-01-08,P001,Whey Isolate - Choc,Powder,1,45.00,45.00,5,2.25,42.75,18.00,18.00,24.75,0.00,organic,Shopify,paid_social,desktop,S00437,FALSE,2025-11,54,474.00,Online
ORD000437,2,C0172,2026-01-08,2026-01-08,P002,Dark Choc Protein Butter,Butter,5,28.00,140.00,5,7.00,133.00,21.00,105.00,28.00,0.00,organic,Shopify,paid_social,desktop,S00437,FALSE,2025-11,54,474.00,Online
ORD000437,3,C0172,2026-01-08,2026-01-08,P009,Mango Protein Smoothie,Drinks,4,18.00,72.00,5,3.60,68.40,9.00,36.00,32.40,0.00,organic,Shopify,paid_social,desktop,S00437,FALSE,2025-11,54,474.00,Online
ORD000438,1,C0164,2026-02-07,2026-02-07,P009,Mango Protein Smoothie,Drinks,1,18.00,18.00,0,0.00,18.00,9.00,9.00,9.00,0.00,organic,Amazon,organic,mobile,S00438,FALSE,2025-12,63,610.00,Online
ORD000439,1,C0229,2026-04-29,2026-04-29,P004,Daily Plant Protein,Powder,2,52.00,104.00,0,0.00,104.00,20.00,40.00,64.00,2.00,organic,Shopify,paid_search,mobile,S00439,TRUE,2026-04,0,583.00,COD
ORD000440,1,C0173,2025-11-14,2025-11-14,P009,Mango Protein Smoothie,Drinks,1,18.00,18.00,0,0.00,18.00,9.00,9.00,9.00,2.00,organic,Amazon,paid_search,tablet,S00440,FALSE,2025-10,18,556.00,Online
ORD000440,2,C0173,2025-11-14,2025-11-14,P001,Whey Isolate - Choc,Powder,1,45.00,45.00,0,0.00,45.00,18.00,18.00,27.00,2.00,organic,Amazon,paid_search,tablet,S00440,FALSE,2025-10,18,556.00,Online
ORD000441,1,C0223,2026-03-22,2026-03-22,P004,Daily Plant Protein,Powder,2,52.00,104.00,8,8.32,95.68,20.00,40.00,55.68,0.00,easter_special,Shopify,organic,desktop,S00441,TRUE,2026-02,0,649.00,Online
ORD000442,1,C0107,2025-10-11,2025-10-11,P003,Himalayan Salt Chips,Chips,2,12.00,24.00,18,4.32,19.68,8.00,16.00,3.68,8.67,big_billion_days,Shopify,paid_search,desktop,S00442,FALSE,2025-07,102,357.00,Online
ORD000442,2,C0107,2025-10-11,2025-10-11,P006,Trial Discovery Kit,Kits,5,65.00,325.00,18,58.50,266.50,22.00,110.00,156.50,8.67,big_billion_days,Shopify,paid_search,desktop,S00442,FALSE,2025-07,102,357.00,Online
ORD000442,3,C0107,2025-10-11,2025-10-11,P002,Dark Choc Protein Butter,Butter,1,28.00,28.00,18,5.04,22.96,21.00,21.00,1.96,8.67,big_billion_days,Shopify,paid_search,desktop,S00442,FALSE,2025-07,102,357.00,Online
ORD000443,1,C0169,2026-02-13,2026-02-13,P003,Himalayan Salt Chips,Chips,2,12.00,24.00,0,0.00,24.00,8.00,16.00,8.00,2.50,organic,Shopify,paid_search,tablet,S00443,FALSE,2025-12,50,379.00,Online
ORD000443,2,C0169,2026-02-13,2026-02-13,P002,Dark Choc Protein Butter,Butter,2,28.00,56.00,0,0.00,56.00,21.00,42.00,14.00,2.50,organic,Shopify,paid_search,tablet,S00443,FALSE,2025-12,50,379.00,Online
ORD000444,1,C0044,2025-03-03,2025-03-03,P006,Trial Discovery Kit,Kits,1,65.00,65.00,0,0.00,65.00,22.00,22.00,43.00,0.00,organic,Shopify,organic,desktop,S00444,FALSE,2025-02,9,653.00,COD
ORD000444,2,C0044,2025-03-03,2025-03-03,P005,Almond Crunch Bars,Bars,2,24.00,48.00,0,0.00,48.00,11.00,22.00,26.00,0.00,organic,Shopify,organic,desktop,S00444,FALSE,2025-02,9,653.00,COD
ORD000444,3,C0044,2025-03-03,2025-03-03,P001,Whey Isolate - Choc,Powder,1,45.00,45.00,0,0.00,45.00,18.00,18.00,27.00,0.00,organic,Shopify,organic,desktop,S00444,FALSE,2025-02,9,653.00,COD
ORD000444,4,C0044,2025-03-03,2025-03-03,P007,Smooth Peanut Butter,Butter,1,35.00,35.00,0,0.00,35.00,21.00,21.00,14.00,0.00,organic,Shopify,organic,desktop,S00444,FALSE,2025-02,9,653.00,COD
ORD000445,1,C0012,2025-03-10,2025-03-10,P003,Himalayan Salt Chips,Chips,2,12.00,24.00,10,2.40,21.60,8.00,16.00,5.60,14.00,easter_special,Amazon,paid_search,desktop,S00445,FALSE,2025-02,26,321.00,Online
ORD000445,2,C0012,2025-03-10,2025-03-10,P005,Almond Crunch Bars,Bars,2,24.00,48.00,10,4.80,43.20,11.00,22.00,21.20,14.00,easter_special,Amazon,paid_search,desktop,S00445,FALSE,2025-02,26,321.00,Online
ORD000445,3,C0012,2025-03-10,2025-03-10,P006,Trial Discovery Kit,Kits,4,65.00,260.00,10,26.00,234.00,22.00,88.00,146.00,14.00,easter_special,Amazon,paid_search,desktop,S00445,FALSE,2025-02,26,321.00,Online
ORD000446,1,C0105,2025-10-11,2025-10-11,P010,Mega Combo Box,Kits,1,89.00,89.00,18,16.02,72.98,35.00,35.00,37.98,17.67,big_billion_days,Amazon,paid_search,tablet,S00446,FALSE,2025-08,67,436.00,Online
ORD000446,2,C0105,2025-10-11,2025-10-11,P007,Smooth Peanut Butter,Butter,3,35.00,105.00,18,18.90,86.10,21.00,63.00,23.10,17.67,big_billion_days,Amazon,paid_search,tablet,S00446,FALSE,2025-08,67,436.00,Online
ORD000446,3,C0105,2025-10-11,2025-10-11,P003,Himalayan Salt Chips,Chips,3,12.00,36.00,18,6.48,29.52,8.00,24.00,5.52,17.67,big_billion_days,Amazon,paid_search,tablet,S00446,FALSE,2025-08,67,436.00,Online
ORD000447,1,C0059,2025-06-21,2025-06-21,P002,Dark Choc Protein Butter,Butter,2,28.00,56.00,0,0.00,56.00,21.00,42.00,14.00,4.50,organic,Shopify,paid_search,mobile,S00447,FALSE,2025-05,48,581.00,Online
ORD000447,2,C0059,2025-06-21,2025-06-21,P001,Whey Isolate - Choc,Powder,2,45.00,90.00,0,0.00,90.00,18.00,36.00,54.00,4.50,organic,Shopify,paid_search,mobile,S00447,FALSE,2025-05,48,581.00,Online
ORD000448,1,C0104,2025-07-28,2025-07-28,P002,Dark Choc Protein Butter,Butter,2,28.00,56.00,0,0.00,56.00,21.00,42.00,14.00,1.33,organic,Amazon,paid_search,mobile,S00448,FALSE,2025-06,49,596.00,COD
ORD000448,2,C0104,2025-07-28,2025-07-28,P004,Daily Plant Protein,Powder,2,52.00,104.00,0,0.00,104.00,20.00,40.00,64.00,1.33,organic,Amazon,paid_search,mobile,S00448,FALSE,2025-06,49,596.00,COD
ORD000448,3,C0104,2025-07-28,2025-07-28,P009,Mango Protein Smoothie,Drinks,3,18.00,54.00,0,0.00,54.00,9.00,27.00,27.00,1.33,organic,Amazon,paid_search,mobile,S00448,FALSE,2025-06,49,596.00,COD
ORD000449,1,C0147,2026-01-07,2026-01-07,P004,Daily Plant Protein,Powder,3,52.00,156.00,0,0.00,156.00,20.00,60.00,96.00,2.50,organic,Amazon,paid_social,mobile,S00449,FALSE,2025-11,60,135.00,Online
ORD000449,2,C0147,2026-01-07,2026-01-07,P003,Himalayan Salt Chips,Chips,3,12.00,36.00,0,0.00,36.00,8.00,24.00,12.00,2.50,organic,Amazon,paid_social,mobile,S00449,FALSE,2025-11,60,135.00,Online
ORD000450,1,C0015,2025-05-14,2025-05-14,P005,Almond Crunch Bars,Bars,3,24.00,72.00,0,0.00,72.00,11.00,33.00,39.00,1.33,organic,Amazon,paid_search,mobile,S00450,FALSE,2025-02,81,334.00,Online
ORD000450,2,C0015,2025-05-14,2025-05-14,P007,Smooth Peanut Butter,Butter,4,35.00,140.00,0,0.00,140.00,21.00,84.00,56.00,1.33,organic,Amazon,paid_search,mobile,S00450,FALSE,2025-02,81,334.00,Online
ORD000450,3,C0015,2025-05-14,2025-05-14,P009,Mango Protein Smoothie,Drinks,1,18.00,18.00,0,0.00,18.00,9.00,9.00,9.00,1.33,organic,Amazon,paid_search,mobile,S00450,FALSE,2025-02,81,334.00,Online
ORD000451,1,C0161,2026-04-16,2026-04-16,P007,Smooth Peanut Butter,Butter,3,35.00,105.00,0,0.00,105.00,21.00,63.00,42.00,1.50,organic,Amazon,paid_search,mobile,S00451,FALSE,2025-12,134,135.00,Online
ORD000451,2,C0161,2026-04-16,2026-04-16,P005,Almond Crunch Bars,Bars,1,24.00,24.00,0,0.00,24.00,11.00,11.00,13.00,1.50,organic,Amazon,paid_search,mobile,S00451,FALSE,2025-12,134,135.00,Online
ORD000452,1,C0203,2026-01-08,2026-01-08,P001,Whey Isolate - Choc,Powder,4,45.00,180.00,0,0.00,180.00,18.00,72.00,108.00,0.00,organic,Shopify,organic,mobile,S00452,TRUE,2025-12,0,135.00,Online
ORD000453,1,C0186,2026-03-09,2026-03-09,P003,Himalayan Salt Chips,Chips,2,12.00,24.00,10,2.40,21.60,8.00,16.00,5.60,0.00,easter_special,Amazon,organic,desktop,S00453,FALSE,2025-11,122,430.00,Online
ORD000453,2,C0186,2026-03-09,2026-03-09,P001,Whey Isolate - Choc,Powder,1,45.00,45.00,10,4.50,40.50,18.00,18.00,22.50,0.00,easter_special,Amazon,organic,desktop,S00453,FALSE,2025-11,122,430.00,Online
ORD000453,3,C0186,2026-03-09,2026-03-09,P007,Smooth Peanut Butter,Butter,3,35.00,105.00,10,10.50,94.50,21.00,63.00,31.50,0.00,easter_special,Amazon,organic,desktop,S00453,FALSE,2025-11,122,430.00,Online
ORD000453,4,C0186,2026-03-09,2026-03-09,P005,Almond Crunch Bars,Bars,1,24.00,24.00,10,2.40,21.60,11.00,11.00,10.60,0.00,easter_special,Amazon,organic,desktop,S00453,FALSE,2025-11,122,430.00,Online
ORD000454,1,C0126,2025-10-04,2025-10-04,P009,Mango Protein Smoothie,Drinks,2,18.00,36.00,12,4.32,31.68,9.00,18.00,13.68,0.00,big_billion_days,Amazon,organic,mobile,S00454,FALSE,2025-08,53,461.00,Online
ORD000454,2,C0126,2025-10-04,2025-10-04,P007,Smooth Peanut Butter,Butter,5,35.00,175.00,12,21.00,154.00,21.00,105.00,49.00,0.00,big_billion_days,Amazon,organic,mobile,S00454,FALSE,2025-08,53,461.00,Online
ORD000454,3,C0126,2025-10-04,2025-10-04,P005,Almond Crunch Bars,Bars,3,24.00,72.00,12,8.64,63.36,11.00,33.00,30.36,0.00,big_billion_days,Amazon,organic,mobile,S00454,FALSE,2025-08,53,461.00,Online
ORD000455,1,C0060,2025-10-06,2025-10-06,P004,Daily Plant Protein,Powder,3,52.00,156.00,18,28.08,127.92,20.00,60.00,67.92,26.00,big_billion_days,Shopify,paid_social,desktop,S00455,FALSE,2025-05,142,263.00,COD
ORD000456,1,C0044,2025-03-22,2025-03-22,P009,Mango Protein Smoothie,Drinks,3,18.00,54.00,12,6.48,47.52,9.00,27.00,20.52,0.00,easter_special,Shopify,organic,desktop,S00456,FALSE,2025-02,28,653.00,Online
ORD000456,2,C0044,2025-03-22,2025-03-22,P007,Smooth Peanut Butter,Butter,1,35.00,35.00,12,4.20,30.80,21.00,21.00,9.80,0.00,easter_special,Shopify,organic,desktop,S00456,FALSE,2025-02,28,653.00,Online
ORD000457,1,C0168,2026-04-08,2026-04-08,P003,Himalayan Salt Chips,Chips,1,12.00,12.00,12,1.44,10.56,8.00,8.00,2.56,0.00,easter_special,Shopify,organic,desktop,S00457,FALSE,2025-11,136,200.00,Online
ORD000457,2,C0168,2026-04-08,2026-04-08,P004,Daily Plant Protein,Powder,3,52.00,156.00,12,18.72,137.28,20.00,60.00,77.28,0.00,easter_special,Shopify,organic,desktop,S00457,FALSE,2025-11,136,200.00,Online
ORD000458,1,C0087,2025-11-28,2025-11-28,P003,Himalayan Salt Chips,Chips,2,12.00,24.00,15,3.60,20.40,8.00,16.00,4.40,0.00,black_friday,Amazon,organic,mobile,S00458,FALSE,2025-05,194,555.00,Online
ORD000458,2,C0087,2025-11-28,2025-11-28,P001,Whey Isolate - Choc,Powder,4,45.00,180.00,15,27.00,153.00,18.00,72.00,81.00,0.00,black_friday,Amazon,organic,mobile,S00458,FALSE,2025-05,194,555.00,Online
ORD000459,1,C0175,2026-02-20,2026-02-20,P005,Almond Crunch Bars,Bars,1,24.00,24.00,0,0.00,24.00,11.00,11.00,13.00,1.00,organic,Shopify,paid_social,desktop,S00459,FALSE,2025-11,109,430.00,Online
ORD000459,2,C0175,2026-02-20,2026-02-20,P003,Himalayan Salt Chips,Chips,3,12.00,36.00,0,0.00,36.00,8.00,24.00,12.00,1.00,organic,Shopify,paid_social,desktop,S00459,FALSE,2025-11,109,430.00,Online
ORD000460,1,C0025,2025-06-06,2025-06-06,P006,Trial Discovery Kit,Kits,3,65.00,195.00,0,0.00,195.00,22.00,66.00,129.00,4.50,organic,Shopify,paid_search,tablet,S00460,FALSE,2025-03,71,346.00,Online
ORD000460,2,C0025,2025-06-06,2025-06-06,P002,Dark Choc Protein Butter,Butter,2,28.00,56.00,0,0.00,56.00,21.00,42.00,14.00,4.50,organic,Shopify,paid_search,tablet,S00460,FALSE,2025-03,71,346.00,Online
ORD000461,1,C0151,2025-09-19,2025-09-19,P006,Trial Discovery Kit,Kits,3,65.00,195.00,0,0.00,195.00,22.00,66.00,129.00,0.00,organic,Amazon,organic,mobile,S00461,FALSE,2025-09,9,434.00,COD
ORD000462,1,C0044,2025-03-07,2025-03-07,P002,Dark Choc Protein Butter,Butter,1,28.00,28.00,0,0.00,28.00,21.00,21.00,7.00,0.00,organic,Shopify,organic,desktop,S00462,FALSE,2025-02,13,653.00,Online
ORD000462,2,C0044,2025-03-07,2025-03-07,P007,Smooth Peanut Butter,Butter,1,35.00,35.00,0,0.00,35.00,21.00,21.00,14.00,0.00,organic,Shopify,organic,desktop,S00462,FALSE,2025-02,13,653.00,Online
ORD000462,3,C0044,2025-03-07,2025-03-07,P003,Himalayan Salt Chips,Chips,5,12.00,60.00,0,0.00,60.00,8.00,40.00,20.00,0.00,organic,Shopify,organic,desktop,S00462,FALSE,2025-02,13,653.00,Online
ORD000462,4,C0044,2025-03-07,2025-03-07,P009,Mango Protein Smoothie,Drinks,2,18.00,36.00,0,0.00,36.00,9.00,18.00,18.00,0.00,organic,Shopify,organic,desktop,S00462,FALSE,2025-02,13,653.00,Online
ORD000463,1,C0134,2026-03-17,2026-03-17,P005,Almond Crunch Bars,Bars,5,24.00,120.00,10,12.00,108.00,11.00,55.00,53.00,0.00,easter_special,Shopify,organic,desktop,S00463,FALSE,2025-10,148,202.00,Online
ORD000463,2,C0134,2026-03-17,2026-03-17,P008,Collagen Peptides - Berry,Powder,3,58.00,174.00,10,17.40,156.60,23.00,69.00,87.60,0.00,easter_special,Shopify,organic,desktop,S00463,FALSE,2025-10,148,202.00,Online
ORD000464,1,C0048,2025-04-23,2025-04-23,P001,Whey Isolate - Choc,Powder,2,45.00,90.00,0,0.00,90.00,18.00,36.00,54.00,4.00,organic,Amazon,paid_social,desktop,S00464,FALSE,2025-02,65,506.00,Online
ORD000464,2,C0048,2025-04-23,2025-04-23,P004,Daily Plant Protein,Powder,2,52.00,104.00,0,0.00,104.00,20.00,40.00,64.00,4.00,organic,Amazon,paid_social,desktop,S00464,FALSE,2025-02,65,506.00,Online
ORD000465,1,C0113,2025-11-23,2025-11-23,P004,Daily Plant Protein,Powder,3,52.00,156.00,25,39.00,117.00,20.00,60.00,57.00,12.50,black_friday,Amazon,paid_search,mobile,S00465,FALSE,2025-09,65,648.00,Online
ORD000465,2,C0113,2025-11-23,2025-11-23,P003,Himalayan Salt Chips,Chips,1,12.00,12.00,25,3.00,9.00,8.00,8.00,1.00,12.50,black_friday,Amazon,paid_search,mobile,S00465,FALSE,2025-09,65,648.00,Online
ORD000466,1,C0165,2026-02-08,2026-02-08,P002,Dark Choc Protein Butter,Butter,1,28.00,28.00,0,0.00,28.00,21.00,21.00,7.00,0.00,organic,Shopify,organic,desktop,S00466,FALSE,2025-10,114,527.00,Online
ORD000466,2,C0165,2026-02-08,2026-02-08,P007,Smooth Peanut Butter,Butter,4,35.00,140.00,0,0.00,140.00,21.00,84.00,56.00,0.00,organic,Shopify,organic,desktop,S00466,FALSE,2025-10,114,527.00,Online
ORD000467,1,C0101,2025-10-27,2025-10-27,P003,Himalayan Salt Chips,Chips,2,12.00,24.00,0,0.00,24.00,8.00,16.00,8.00,7.00,organic,Amazon,paid_social,desktop,S00467,FALSE,2025-07,115,623.00,COD
ORD000468,1,C0185,2026-01-14,2026-01-14,P001,Whey Isolate - Choc,Powder,4,45.00,180.00,0,0.00,180.00,18.00,72.00,108.00,0.00,organic,Shopify,organic,mobile,S00468,FALSE,2025-11,67,281.00,Online
ORD000468,2,C0185,2026-01-14,2026-01-14,P005,Almond Crunch Bars,Bars,4,24.00,96.00,0,0.00,96.00,11.00,44.00,52.00,0.00,organic,Shopify,organic,mobile,S00468,FALSE,2025-11,67,281.00,Online
ORD000469,1,C0117,2025-11-20,2025-11-20,P001,Whey Isolate - Choc,Powder,1,45.00,45.00,15,6.75,38.25,18.00,18.00,20.25,50.00,black_friday,Amazon,paid_search,desktop,S00469,FALSE,2025-09,77,402.00,Online
ORD000470,1,C0178,2026-03-25,2026-03-25,P002,Dark Choc Protein Butter,Butter,1,28.00,28.00,12,3.36,24.64,21.00,21.00,3.64,0.00,easter_special,Shopify,organic,tablet,S00470,FALSE,2026-01,77,211.00,COD
ORD000471,1,C0179,2026-03-22,2026-03-22,P001,Whey Isolate - Choc,Powder,4,45.00,180.00,8,14.40,165.60,18.00,72.00,93.60,0.00,easter_special,Amazon,organic,mobile,S00471,FALSE,2026-01,62,152.00,Online
ORD000472,1,C0056,2025-11-03,2025-11-03,P003,Himalayan Salt Chips,Chips,3,12.00,36.00,0,0.00,36.00,8.00,24.00,12.00,3.50,organic,Amazon,paid_social,desktop,S00472,FALSE,2025-04,203,437.00,Online
ORD000472,2,C0056,2025-11-03,2025-11-03,P004,Daily Plant Protein,Powder,3,52.00,156.00,0,0.00,156.00,20.00,60.00,96.00,3.50,organic,Amazon,paid_social,desktop,S00472,FALSE,2025-04,203,437.00,Online
ORD000473,1,C0139,2025-12-05,2025-12-05,P002,Dark Choc Protein Butter,Butter,1,28.00,28.00,0,0.00,28.00,21.00,21.00,7.00,1.00,organic,Amazon,paid_search,desktop,S00473,FALSE,2025-09,73,410.00,COD
ORD000473,2,C0139,2025-12-05,2025-12-05,P003,Himalayan Salt Chips,Chips,1,12.00,12.00,0,0.00,12.00,8.00,8.00,4.00,1.00,organic,Amazon,paid_search,desktop,S00473,FALSE,2025-09,73,410.00,COD
ORD000474,1,C0183,2025-11-26,2025-11-26,P009,Mango Protein Smoothie,Drinks,1,18.00,18.00,15,2.70,15.30,9.00,9.00,6.30,12.00,black_friday,Amazon,paid_social,desktop,S00474,FALSE,2025-11,23,432.00,Online
ORD000474,2,C0183,2025-11-26,2025-11-26,P006,Trial Discovery Kit,Kits,2,65.00,130.00,15,19.50,110.50,22.00,44.00,66.50,12.00,black_friday,Amazon,paid_social,desktop,S00474,FALSE,2025-11,23,432.00,Online
ORD000475,1,C0062,2025-05-22,2025-05-22,P002,Dark Choc Protein Butter,Butter,1,28.00,28.00,0,0.00,28.00,21.00,21.00,7.00,3.33,organic,Shopify,paid_social,mobile,S00475,FALSE,2025-04,43,440.00,COD
ORD000475,2,C0062,2025-05-22,2025-05-22,P001,Whey Isolate - Choc,Powder,1,45.00,45.00,0,0.00,45.00,18.00,18.00,27.00,3.33,organic,Shopify,paid_social,mobile,S00475,FALSE,2025-04,43,440.00,COD
ORD000475,3,C0062,2025-05-22,2025-05-22,P007,Smooth Peanut Butter,Butter,2,35.00,70.00,0,0.00,70.00,21.00,42.00,28.00,3.33,organic,Shopify,paid_social,mobile,S00475,FALSE,2025-04,43,440.00,COD
ORD000476,1,C0045,2025-02-26,2025-02-26,P005,Almond Crunch Bars,Bars,3,24.00,72.00,0,0.00,72.00,11.00,33.00,39.00,1.33,organic,Amazon,paid_social,mobile,S00476,FALSE,2025-02,9,622.00,COD
ORD000476,2,C0045,2025-02-26,2025-02-26,P006,Trial Discovery Kit,Kits,3,65.00,195.00,0,0.00,195.00,22.00,66.00,129.00,1.33,organic,Amazon,paid_social,mobile,S00476,FALSE,2025-02,9,622.00,COD
ORD000476,3,C0045,2025-02-26,2025-02-26,P007,Smooth Peanut Butter,Butter,2,35.00,70.00,0,0.00,70.00,21.00,42.00,28.00,1.33,organic,Amazon,paid_social,mobile,S00476,FALSE,2025-02,9,622.00,COD
ORD000477,1,C0125,2025-11-22,2025-11-22,P005,Almond Crunch Bars,Bars,3,24.00,72.00,20,14.40,57.60,11.00,33.00,24.60,41.00,black_friday,Amazon,paid_social,mobile,S00477,FALSE,2025-09,83,325.00,Online
ORD000478,1,C0068,2025-05-21,2025-05-21,P007,Smooth Peanut Butter,Butter,5,35.00,175.00,0,0.00,175.00,21.00,105.00,70.00,9.00,organic,Amazon,paid_search,mobile,S00478,FALSE,2025-05,3,427.00,Online
ORD000479,1,C0187,2026-03-24,2026-03-24,P002,Dark Choc Protein Butter,Butter,1,28.00,28.00,8,2.24,25.76,21.00,21.00,4.76,3.67,easter_special,Shopify,paid_social,mobile,S00479,FALSE,2026-01,64,393.00,Online
ORD000479,2,C0187,2026-03-24,2026-03-24,P006,Trial Discovery Kit,Kits,1,65.00,65.00,8,5.20,59.80,22.00,22.00,37.80,3.67,easter_special,Shopify,paid_social,mobile,S00479,FALSE,2026-01,64,393.00,Online
ORD000479,3,C0187,2026-03-24,2026-03-24,P007,Smooth Peanut Butter,Butter,2,35.00,70.00,8,5.60,64.40,21.00,42.00,22.40,3.67,easter_special,Shopify,paid_social,mobile,S00479,FALSE,2026-01,64,393.00,Online
ORD000480,1,C0197,2026-04-24,2026-04-24,P005,Almond Crunch Bars,Bars,2,24.00,48.00,5,2.40,45.60,11.00,22.00,23.60,18.00,first_time_customer,Amazon,paid_search,desktop,S00480,TRUE,2026-02,0,177.00,Online
ORD000481,1,C0089,2025-09-05,2025-09-05,P001,Whey Isolate - Choc,Powder,1,45.00,45.00,0,0.00,45.00,18.00,18.00,27.00,9.00,organic,Shopify,paid_social,desktop,S00481,FALSE,2025-07,66,369.00,COD
ORD000482,1,C0193,2026-03-28,2026-03-28,P006,Trial Discovery Kit,Kits,3,65.00,195.00,10,19.50,175.50,22.00,66.00,109.50,0.00,easter_special,Shopify,organic,desktop,S00482,FALSE,2025-12,93,272.00,Online
ORD000483,1,C0087,2025-08-25,2025-08-25,P006,Trial Discovery Kit,Kits,1,65.00,65.00,0,0.00,65.00,22.00,22.00,43.00,0.00,organic,Shopify,organic,desktop,S00483,FALSE,2025-05,99,555.00,Online
ORD000483,2,C0087,2025-08-25,2025-08-25,P010,Mega Combo Box,Kits,2,89.00,178.00,0,0.00,178.00,35.00,70.00,108.00,0.00,organic,Shopify,organic,desktop,S00483,FALSE,2025-05,99,555.00,Online
ORD000484,1,C0100,2026-01-15,2026-01-15,P004,Daily Plant Protein,Powder,4,52.00,208.00,0,0.00,208.00,20.00,80.00,128.00,3.00,organic,Amazon,paid_social,mobile,S00484,FALSE,2025-06,223,451.00,Online
ORD000485,1,C0198,2026-03-15,2026-03-15,P003,Himalayan Salt Chips,Chips,4,12.00,48.00,8,3.84,44.16,8.00,32.00,12.16,0.00,easter_special,Amazon,organic,mobile,S00485,FALSE,2026-02,43,328.00,Online
ORD000486,1,C0206,2026-03-05,2026-03-05,P009,Mango Protein Smoothie,Drinks,2,18.00,36.00,5,1.80,34.20,9.00,18.00,16.20,4.33,first_time_customer,Shopify,paid_search,mobile,S00486,TRUE,2025-12,0,156.00,Online
ORD000486,2,C0206,2026-03-05,2026-03-05,P001,Whey Isolate - Choc,Powder,2,45.00,90.00,5,4.50,85.50,18.00,36.00,49.50,4.33,first_time_customer,Shopify,paid_search,mobile,S00486,TRUE,2025-12,0,156.00,Online
ORD000486,3,C0206,2026-03-05,2026-03-05,P006,Trial Discovery Kit,Kits,4,65.00,260.00,5,13.00,247.00,22.00,88.00,159.00,4.33,first_time_customer,Shopify,paid_search,mobile,S00486,TRUE,2025-12,0,156.00,Online
ORD000487,1,C0053,2026-01-10,2026-01-10,P006,Trial Discovery Kit,Kits,1,65.00,65.00,0,0.00,65.00,22.00,22.00,43.00,0.00,organic,Amazon,organic,desktop,S00487,FALSE,2025-05,239,403.00,Online
ORD000487,2,C0053,2026-01-10,2026-01-10,P001,Whey Isolate - Choc,Powder,2,45.00,90.00,0,0.00,90.00,18.00,36.00,54.00,0.00,organic,Amazon,organic,desktop,S00487,FALSE,2025-05,239,403.00,Online
ORD000487,3,C0053,2026-01-10,2026-01-10,P003,Himalayan Salt Chips,Chips,1,12.00,12.00,0,0.00,12.00,8.00,8.00,4.00,0.00,organic,Amazon,organic,desktop,S00487,FALSE,2025-05,239,403.00,Online
ORD000488,1,C0170,2026-01-22,2026-01-22,P007,Smooth Peanut Butter,Butter,1,35.00,35.00,0,0.00,35.00,21.00,21.00,14.00,0.00,organic,Amazon,organic,mobile,S00488,FALSE,2025-11,66,212.00,Online
ORD000488,2,C0170,2026-01-22,2026-01-22,P005,Almond Crunch Bars,Bars,1,24.00,24.00,0,0.00,24.00,11.00,11.00,13.00,0.00,organic,Amazon,organic,mobile,S00488,FALSE,2025-11,66,212.00,Online
ORD000489,1,C0034,2025-06-22,2025-06-22,P003,Himalayan Salt Chips,Chips,2,12.00,24.00,5,1.20,22.80,8.00,16.00,6.80,0.00,organic,Amazon,organic,mobile,S00489,FALSE,2025-04,83,527.00,COD
ORD000489,2,C0034,2025-06-22,2025-06-22,P007,Smooth Peanut Butter,Butter,3,35.00,105.00,5,5.25,99.75,21.00,63.00,36.75,0.00,organic,Amazon,organic,mobile,S00489,FALSE,2025-04,83,527.00,COD
ORD000490,1,C0214,2026-04-20,2026-04-20,P003,Himalayan Salt Chips,Chips,1,12.00,12.00,0,0.00,12.00,8.00,8.00,4.00,1.25,organic,Amazon,paid_search,desktop,S00490,TRUE,2026-03,0,133.00,Online
ORD000490,2,C0214,2026-04-20,2026-04-20,P001,Whey Isolate - Choc,Powder,3,45.00,135.00,0,0.00,135.00,18.00,54.00,81.00,1.25,organic,Amazon,paid_search,desktop,S00490,TRUE,2026-03,0,133.00,Online
ORD000490,3,C0214,2026-04-20,2026-04-20,P009,Mango Protein Smoothie,Drinks,1,18.00,18.00,0,0.00,18.00,9.00,9.00,9.00,1.25,organic,Amazon,paid_search,desktop,S00490,TRUE,2026-03,0,133.00,Online
ORD000490,4,C0214,2026-04-20,2026-04-20,P010,Mega Combo Box,Kits,4,89.00,356.00,0,0.00,356.00,35.00,140.00,216.00,1.25,organic,Amazon,paid_search,desktop,S00490,TRUE,2026-03,0,133.00,Online
ORD000491,1,C0108,2025-09-18,2025-09-18,P003,Himalayan Salt Chips,Chips,1,12.00,12.00,0,0.00,12.00,8.00,8.00,4.00,9.00,organic,Shopify,paid_search,mobile,S00491,FALSE,2025-06,102,292.00,COD
ORD000492,1,C0204,2026-02-09,2026-02-09,P009,Mango Protein Smoothie,Drinks,1,18.00,18.00,0,0.00,18.00,9.00,9.00,9.00,0.00,organic,Shopify,organic,desktop,S00492,FALSE,2026-02,8,356.00,Online
ORD000493,1,C0167,2025-10-07,2025-10-07,P002,Dark Choc Protein Butter,Butter,2,28.00,56.00,12,6.72,49.28,21.00,42.00,7.28,8.67,big_billion_days,Amazon,paid_search,mobile,S00493,FALSE,2025-10,6,410.00,COD
ORD000493,2,C0167,2025-10-07,2025-10-07,P008,Collagen Peptides - Berry,Powder,1,58.00,58.00,12,6.96,51.04,23.00,23.00,28.04,8.67,big_billion_days,Amazon,paid_search,mobile,S00493,FALSE,2025-10,6,410.00,COD
ORD000493,3,C0167,2025-10-07,2025-10-07,P001,Whey Isolate - Choc,Powder,3,45.00,135.00,12,16.20,118.80,18.00,54.00,64.80,8.67,big_billion_days,Amazon,paid_search,mobile,S00493,FALSE,2025-10,6,410.00,COD
ORD000494,1,C0048,2025-03-26,2025-03-26,P002,Dark Choc Protein Butter,Butter,3,28.00,84.00,12,10.08,73.92,21.00,63.00,10.92,15.50,easter_special,Shopify,paid_social,desktop,S00494,FALSE,2025-02,37,506.00,Online
ORD000494,2,C0048,2025-03-26,2025-03-26,P007,Smooth Peanut Butter,Butter,2,35.00,70.00,12,8.40,61.60,21.00,42.00,19.60,15.50,easter_special,Shopify,paid_social,desktop,S00494,FALSE,2025-02,37,506.00,Online
ORD000495,1,C0015,2025-02-22,2025-02-22,P002,Dark Choc Protein Butter,Butter,2,28.00,56.00,0,0.00,56.00,21.00,42.00,14.00,0.00,organic,Amazon,organic,mobile,S00495,FALSE,2025-02,0,334.00,Online
ORD000495,2,C0015,2025-02-22,2025-02-22,P003,Himalayan Salt Chips,Chips,3,12.00,36.00,0,0.00,36.00,8.00,24.00,12.00,0.00,organic,Amazon,organic,mobile,S00495,FALSE,2025-02,0,334.00,Online
ORD000496,1,C0199,2026-01-12,2026-01-12,P003,Himalayan Salt Chips,Chips,2,12.00,24.00,0,0.00,24.00,8.00,16.00,8.00,1.33,organic,Amazon,paid_search,mobile,S00496,FALSE,2026-01,7,132.00,Online
ORD000496,2,C0199,2026-01-12,2026-01-12,P001,Whey Isolate - Choc,Powder,3,45.00,135.00,0,0.00,135.00,18.00,54.00,81.00,1.33,organic,Amazon,paid_search,mobile,S00496,FALSE,2026-01,7,132.00,Online
ORD000496,3,C0199,2026-01-12,2026-01-12,P009,Mango Protein Smoothie,Drinks,2,18.00,36.00,0,0.00,36.00,9.00,18.00,18.00,1.33,organic,Amazon,paid_search,mobile,S00496,FALSE,2026-01,7,132.00,Online
ORD000497,1,C0034,2025-04-05,2025-04-05,P005,Almond Crunch Bars,Bars,2,24.00,48.00,12,5.76,42.24,11.00,22.00,20.24,4.00,easter_special,Amazon,paid_social,mobile,S00497,FALSE,2025-04,5,527.00,Online
ORD000497,2,C0034,2025-04-05,2025-04-05,P004,Daily Plant Protein,Powder,3,52.00,156.00,12,18.72,137.28,20.00,60.00,77.28,4.00,easter_special,Amazon,paid_social,mobile,S00497,FALSE,2025-04,5,527.00,Online
ORD000497,3,C0034,2025-04-05,2025-04-05,P003,Himalayan Salt Chips,Chips,4,12.00,48.00,12,5.76,42.24,8.00,32.00,10.24,4.00,easter_special,Amazon,paid_social,mobile,S00497,FALSE,2025-04,5,527.00,Online
ORD000497,4,C0034,2025-04-05,2025-04-05,P008,Collagen Peptides - Berry,Powder,3,58.00,174.00,12,20.88,153.12,23.00,69.00,84.12,4.00,easter_special,Amazon,paid_social,mobile,S00497,FALSE,2025-04,5,527.00,Online
ORD000498,1,C0227,2026-03-28,2026-03-28,P007,Smooth Peanut Butter,Butter,1,35.00,35.00,10,3.50,31.50,21.00,21.00,10.50,15.00,easter_special,Shopify,paid_search,mobile,S00498,TRUE,2026-03,0,650.00,Online
ORD000499,1,C0022,2025-06-29,2025-06-29,P001,Whey Isolate - Choc,Powder,1,45.00,45.00,5,2.25,42.75,18.00,18.00,24.75,6.00,organic,Amazon,paid_search,mobile,S00499,FALSE,2025-03,110,444.00,COD
ORD000499,2,C0022,2025-06-29,2025-06-29,P009,Mango Protein Smoothie,Drinks,4,18.00,72.00,5,3.60,68.40,9.00,36.00,32.40,6.00,organic,Amazon,paid_search,mobile,S00499,FALSE,2025-03,110,444.00,COD
ORD000500,1,C0183,2025-11-09,2025-11-09,P001,Whey Isolate - Choc,Powder,1,45.00,45.00,0,0.00,45.00,18.00,18.00,27.00,0.00,organic,Amazon,paid_social,tablet,S00500,FALSE,2025-11,6,432.00,Online
ORD000500,2,C0183,2025-11-09,2025-11-09,P004,Daily Plant Protein,Powder,1,52.00,52.00,0,0.00,52.00,20.00,20.00,32.00,0.00,organic,Amazon,paid_social,tablet,S00500,FALSE,2025-11,6,432.00,Online
